,Aberdeen City,Aberdeenshire,Angus,Argyll & Bute,Clackmannanshire,Dumfries & Galloway,Dundee City,East Ayrshire,East Dunbartonshire,East Lothian,East Renfrewshire,"Edinburgh, City of",Eilean Siar,Falkirk,Fife,Glasgow City,Highland,Inverclyde,Midlothian,Moray,North Ayrshire,North Lanarkshire,Orkney Islands,Perth & Kinross,Renfrewshire,Scottish Borders,Shetland Islands,South Ayrshire,South Lanarkshire,Stirling,West Dunbartonshire,West Lothian,Total
01/01/2015,1,0,0,1,0,0,0,1,0,0,0,5,0,1,1,1,0,1,0,0,0,0,0,1,0,0,0,0,0,1,0,5,19
02/01/2015,0,0,1,0,0,2,0,0,0,0,0,2,0,0,1,1,1,0,2,0,1,1,0,1,1,0,0,1,0,0,0,0,15
03/01/2015,0,3,0,1,0,1,2,0,2,0,0,2,0,1,0,3,1,0,0,1,0,0,0,1,1,0,0,0,3,2,0,1,25
04/01/2015,1,2,1,0,0,0,0,0,0,0,0,0,0,0,0,2,1,0,0,0,0,1,0,0,0,0,0,1,0,0,0,0,9
05/01/2015,0,0,0,1,0,0,1,0,0,0,1,1,0,0,1,2,0,1,0,0,0,2,0,0,0,0,1,0,2,0,0,0,13
06/01/2015,1,0,1,1,0,0,0,0,0,2,0,3,0,1,3,1,3,0,0,1,1,1,0,0,2,1,0,1,2,0,1,0,26
07/01/2015,1,2,1,0,0,0,1,0,0,1,0,3,0,0,1,1,0,0,1,0,0,1,0,2,0,0,0,0,4,1,0,0,20
08/01/2015,0,2,1,1,0,0,1,0,0,1,0,4,0,1,2,5,1,0,2,0,1,0,0,1,2,0,0,1,0,1,1,0,28
09/01/2015,2,2,0,0,1,0,2,2,1,2,0,4,0,1,0,5,1,0,1,0,1,2,0,0,0,1,0,0,3,0,1,5,37
10/01/2015,0,1,0,2,0,3,0,0,1,0,0,0,0,0,3,5,1,0,1,1,0,0,0,0,0,0,0,1,1,0,0,2,22
11/01/2015,1,2,0,1,0,0,0,0,1,0,0,0,1,0,0,3,2,0,0,0,1,2,0,0,0,0,0,1,2,0,0,2,19
12/01/2015,0,0,0,0,0,0,0,1,0,1,1,3,0,0,0,1,2,1,2,0,1,0,0,1,1,0,0,1,3,1,0,3,23
13/01/2015,2,1,1,1,0,0,1,0,1,1,2,4,1,2,4,4,0,2,0,1,2,1,0,2,1,0,0,1,2,1,1,2,41
14/01/2015,0,2,0,1,0,1,1,0,0,0,1,2,0,0,0,4,3,0,1,0,1,2,0,1,1,1,1,0,1,1,0,1,26
15/01/2015,1,0,0,0,0,0,0,1,0,0,0,3,0,0,0,3,1,0,0,0,0,0,0,1,2,0,0,0,1,0,1,3,17
16/01/2015,0,1,0,2,1,0,0,4,1,2,1,2,0,1,1,8,0,0,2,0,1,5,0,0,1,0,0,0,4,0,2,0,39
17/01/2015,1,0,0,1,1,1,1,0,0,1,0,4,0,0,0,7,4,1,0,1,0,1,0,0,0,0,0,2,0,0,1,1,28
18/01/2015,2,2,0,1,0,0,0,1,0,0,0,2,0,0,2,0,3,0,0,0,1,1,0,0,0,0,0,2,0,0,0,0,17
19/01/2015,1,0,0,3,0,0,2,0,0,0,0,6,0,1,0,2,3,0,0,0,1,2,0,0,2,0,0,0,0,0,0,0,23
20/01/2015,0,1,0,0,0,0,0,1,0,0,0,2,0,0,0,4,0,0,0,0,0,1,0,2,0,1,0,1,1,0,1,0,15
21/01/2015,0,1,0,0,0,1,0,0,0,0,0,5,0,0,0,3,0,0,0,0,0,1,0,0,1,0,0,0,1,0,1,1,15
22/01/2015,0,0,0,0,0,1,2,0,1,1,0,3,0,0,1,2,0,0,0,0,1,2,0,0,1,0,0,0,1,0,0,0,16
23/01/2015,0,1,0,1,0,2,0,1,0,0,1,6,0,2,2,8,2,0,1,1,0,1,0,1,2,0,1,1,0,1,1,0,36
24/01/2015,0,4,1,2,0,0,0,1,0,0,0,1,0,0,0,5,2,0,0,0,0,2,0,1,1,0,0,0,1,1,2,0,24
25/01/2015,1,0,0,0,0,1,1,0,0,1,0,2,0,1,1,2,0,1,1,0,0,1,0,1,0,0,0,0,0,1,0,1,16
26/01/2015,1,1,2,0,0,3,0,1,0,0,0,3,0,2,1,2,0,0,1,0,1,1,0,0,0,0,0,0,0,0,0,1,20
27/01/2015,0,1,1,0,0,1,1,0,1,1,0,4,0,0,1,4,0,0,0,1,0,1,0,0,0,2,0,2,0,0,0,1,22
28/01/2015,0,1,0,4,0,0,0,0,1,0,1,4,0,1,2,0,1,0,0,0,0,1,0,1,0,0,0,0,3,0,0,1,21
29/01/2015,1,3,0,1,0,2,0,1,0,0,1,0,0,0,2,4,2,0,2,0,0,1,0,0,1,0,0,0,2,1,0,1,25
30/01/2015,3,0,1,1,0,0,0,1,1,0,0,2,0,1,3,3,0,0,1,0,0,1,0,1,0,0,0,0,2,2,0,0,23
31/01/2015,2,1,0,0,0,1,0,0,0,0,1,7,0,1,0,6,2,0,0,1,1,2,0,0,2,1,0,0,2,0,0,0,30
01/02/2015,1,0,0,0,0,0,0,0,0,0,0,0,0,0,0,4,0,0,2,0,0,0,0,1,3,0,0,0,2,0,0,0,13
02/02/2015,0,2,0,0,0,0,0,1,0,1,1,2,0,2,1,3,2,1,1,0,1,0,0,2,0,1,0,1,0,0,0,1,23
03/02/2015,0,2,1,1,0,0,2,2,0,0,0,4,0,0,1,3,1,0,0,0,0,1,0,0,0,0,0,0,1,0,1,0,20
04/02/2015,0,3,1,0,0,1,0,1,0,0,0,3,0,1,1,3,2,1,1,0,0,0,0,0,1,1,0,1,1,0,2,1,25
05/02/2015,0,0,0,0,0,1,0,0,0,0,0,8,0,2,1,7,2,1,0,0,1,2,0,0,0,1,0,1,0,1,1,0,29
06/02/2015,3,0,1,0,0,1,3,1,0,1,0,5,1,2,0,2,0,0,1,0,0,0,0,0,0,1,0,0,0,1,1,1,25
07/02/2015,1,1,0,0,0,1,2,0,0,1,0,7,0,0,4,0,0,0,0,0,0,1,0,0,1,0,0,0,3,0,0,1,23
08/02/2015,3,1,1,1,0,0,0,0,0,0,0,2,0,0,1,2,3,0,0,0,0,1,0,0,0,0,0,0,0,1,0,1,17
09/02/2015,1,4,0,0,0,1,1,1,0,1,1,4,0,0,3,2,0,0,1,0,0,1,0,0,1,0,0,0,1,0,0,1,24
10/02/2015,0,0,1,0,1,0,0,0,0,0,0,0,0,2,1,3,0,0,0,0,0,2,0,0,1,0,0,0,0,0,2,4,17
11/02/2015,1,2,1,0,0,0,0,0,0,0,0,4,0,0,2,1,1,0,0,0,1,1,0,0,1,0,0,1,0,0,1,2,19
12/02/2015,2,0,0,0,0,1,0,1,0,0,0,3,0,3,1,3,1,1,1,0,1,0,0,0,0,0,0,0,1,1,1,2,23
13/02/2015,0,1,0,1,1,0,0,0,0,0,2,1,0,0,1,4,2,0,0,0,0,1,0,0,1,2,0,0,1,3,1,0,22
14/02/2015,0,1,0,0,1,1,0,0,1,0,1,4,0,1,0,2,1,0,0,0,0,1,0,0,2,1,1,0,2,0,0,1,21
15/02/2015,0,0,0,1,0,0,0,0,0,3,0,0,0,0,1,3,0,2,0,0,2,2,0,0,1,0,0,0,0,0,0,0,15
16/02/2015,0,2,0,3,0,0,1,1,0,1,0,7,0,0,0,3,1,1,0,1,3,1,0,0,0,1,0,0,2,1,0,1,30
17/02/2015,1,1,1,0,0,0,1,0,0,0,0,1,0,2,1,3,1,0,0,0,1,4,0,0,0,2,0,1,1,0,0,0,21
18/02/2015,0,1,0,0,0,0,2,0,0,0,0,0,0,1,3,6,1,0,0,0,1,2,0,2,3,0,0,0,0,0,1,0,23
19/02/2015,0,2,0,1,0,0,0,0,0,0,0,3,0,2,1,5,1,0,0,0,0,3,0,0,1,0,0,2,3,1,0,1,26
20/02/2015,1,0,1,2,0,0,0,2,0,1,0,8,0,1,3,2,0,0,0,1,0,1,0,2,1,0,0,0,2,2,0,4,34
21/02/2015,0,0,1,0,0,1,0,2,0,0,0,1,0,0,2,2,0,0,0,0,1,2,0,1,0,1,0,0,4,2,0,0,20
22/02/2015,0,1,0,1,0,0,1,1,0,0,0,2,0,0,1,4,1,1,1,0,1,0,0,1,0,0,0,0,0,1,0,0,17
23/02/2015,0,2,1,2,0,0,0,1,0,0,0,5,0,1,2,3,0,2,0,0,1,0,0,0,1,0,0,0,1,0,0,1,23
24/02/2015,0,0,0,2,0,2,0,1,0,0,1,3,0,0,1,4,0,0,0,0,0,0,0,2,1,0,0,2,2,0,1,0,22
25/02/2015,1,0,0,0,1,1,0,1,0,0,0,3,0,1,0,3,1,1,0,0,1,2,0,0,0,0,0,0,0,4,1,0,21
26/02/2015,1,1,0,1,0,0,1,1,1,1,1,4,0,2,2,3,2,0,0,0,2,2,0,1,1,0,0,0,1,0,0,1,29
27/02/2015,1,0,0,0,0,0,1,1,0,1,0,2,0,0,2,5,2,0,2,0,0,0,0,0,1,0,0,1,1,2,0,1,23
28/02/2015,2,0,0,1,0,3,0,0,0,1,0,3,0,0,1,4,0,0,0,0,1,0,0,0,0,0,0,1,1,0,0,1,19
01/03/2015,0,1,0,1,0,1,0,1,0,0,0,2,0,2,0,7,0,0,0,0,0,1,0,0,0,0,0,1,1,0,0,0,18
02/03/2015,0,1,1,2,0,1,0,4,0,0,1,2,2,1,1,6,1,1,1,1,2,2,0,2,0,0,0,0,2,1,0,3,38
03/03/2015,1,0,0,1,0,0,1,1,0,0,0,3,0,2,1,7,0,0,0,0,0,1,0,0,0,0,0,1,2,0,1,2,24
04/03/2015,0,0,2,1,0,1,0,1,0,0,0,3,0,1,0,1,2,0,0,1,0,2,0,1,2,0,0,1,3,1,1,3,27
05/03/2015,0,0,1,0,0,0,0,0,1,0,1,2,0,0,2,2,0,0,1,0,0,2,0,0,1,0,0,0,0,0,0,1,14
06/03/2015,0,1,1,1,0,0,1,0,1,2,0,4,0,1,0,6,1,0,1,0,1,0,0,0,1,0,0,0,0,2,0,0,24
07/03/2015,0,2,0,1,0,0,0,0,1,0,0,1,1,1,0,2,3,0,1,0,2,1,0,1,1,0,1,1,1,2,0,3,26
08/03/2015,1,2,0,0,0,1,0,1,0,0,0,4,0,1,2,2,1,1,0,0,1,0,0,0,0,0,0,0,2,0,0,1,20
09/03/2015,1,0,0,0,0,0,0,0,0,0,0,3,0,0,1,0,0,0,0,0,0,2,0,1,1,0,0,0,1,0,0,1,11
10/03/2015,1,2,1,0,0,2,0,0,0,2,0,4,0,0,2,4,0,0,0,1,1,0,0,0,1,0,0,3,1,0,0,0,25
11/03/2015,0,2,0,0,1,2,0,0,0,0,0,1,1,3,2,4,0,0,1,1,1,3,0,0,0,0,0,0,0,0,0,1,23
12/03/2015,2,0,1,1,0,1,0,1,0,0,0,1,0,1,0,2,3,1,0,0,1,1,0,1,1,1,0,0,1,1,0,1,22
13/03/2015,0,2,0,0,0,0,0,0,0,0,0,5,0,0,0,4,1,0,0,3,0,1,0,2,0,1,0,0,1,0,0,1,21
14/03/2015,0,0,0,0,0,0,0,0,1,0,0,0,0,0,0,2,1,0,0,0,1,0,0,0,1,0,0,0,3,0,3,2,14
15/03/2015,0,0,0,0,0,0,0,0,0,0,0,2,0,0,0,3,1,0,1,0,0,0,0,1,0,0,0,0,4,0,0,0,12
16/03/2015,2,0,0,0,0,0,0,0,0,0,1,1,0,1,1,1,1,0,0,1,1,0,0,0,1,0,0,0,1,0,1,0,13
17/03/2015,2,1,0,0,0,1,0,0,1,0,1,5,0,0,1,3,2,0,2,0,0,0,0,0,0,0,0,0,3,0,0,1,23
18/03/2015,0,0,0,2,0,1,1,0,1,0,0,2,0,0,0,1,0,0,1,0,0,0,0,0,1,1,0,0,2,1,0,1,15
19/03/2015,0,3,0,0,0,1,0,0,2,1,0,3,0,0,2,0,1,0,0,0,0,0,0,0,1,1,0,1,1,2,0,1,20
20/03/2015,3,1,1,0,0,0,2,0,0,2,0,3,0,1,2,7,0,1,0,1,1,2,0,0,1,1,0,1,3,0,0,0,33
21/03/2015,0,1,0,2,1,1,0,0,1,0,0,0,0,2,2,0,1,0,0,0,0,3,0,0,1,0,0,0,1,0,1,1,18
22/03/2015,1,2,1,0,1,0,1,0,2,0,0,0,0,0,0,0,1,0,0,0,0,0,0,0,0,1,0,0,0,0,0,1,11
23/03/2015,1,1,0,0,0,2,1,0,0,1,0,5,0,0,0,6,0,0,0,0,0,2,0,3,1,0,0,1,0,0,1,1,26
24/03/2015,0,2,0,1,0,0,0,1,0,0,0,2,0,1,0,2,0,0,1,0,0,2,0,0,0,1,0,0,1,0,0,0,14
25/03/2015,0,1,0,1,0,3,0,2,0,1,0,8,0,2,0,3,1,0,1,0,1,1,0,1,0,1,0,1,2,1,1,1,33
26/03/2015,0,0,0,2,0,1,0,2,1,0,0,2,0,1,1,4,1,1,0,1,1,1,0,0,1,0,0,1,1,0,0,1,23
27/03/2015,0,2,0,0,0,0,0,0,1,0,0,4,0,0,2,2,1,0,1,1,0,0,1,0,2,0,0,0,2,2,0,0,21
28/03/2015,0,0,2,0,0,1,0,0,1,0,1,3,0,2,2,3,0,2,2,0,0,0,0,0,1,1,0,1,0,1,0,2,25
29/03/2015,0,0,1,0,0,1,0,0,0,0,0,2,0,1,0,2,0,0,2,0,0,1,0,0,2,0,0,1,2,0,0,0,15
30/03/2015,3,2,1,1,0,0,0,2,1,0,0,4,0,2,0,3,1,1,0,0,1,0,0,0,0,0,0,1,0,0,0,2,25
31/03/2015,0,2,1,1,0,0,0,2,0,1,1,6,0,2,3,4,0,0,0,0,2,3,0,0,0,0,0,1,3,0,2,1,35
01/04/2015,1,1,1,0,0,2,0,0,1,0,0,4,0,0,3,3,1,0,1,0,1,0,0,0,1,0,1,1,0,0,0,1,23
02/04/2015,0,1,0,0,0,0,0,0,0,0,0,1,1,0,0,6,0,1,0,1,1,2,0,1,1,1,0,0,2,1,0,0,20
03/04/2015,1,2,1,2,0,0,0,1,0,0,0,1,1,0,2,5,1,0,1,2,0,2,0,1,0,0,0,0,0,1,0,2,26
04/04/2015,0,0,0,0,0,1,0,0,0,1,0,3,0,2,0,2,2,0,1,0,0,0,0,0,0,0,0,0,0,0,0,3,15
05/04/2015,1,2,0,0,0,0,0,0,0,0,0,5,0,1,1,3,1,1,0,0,0,1,0,1,1,2,0,1,1,1,0,1,24
06/04/2015,1,0,1,1,0,1,1,1,0,1,0,0,1,0,1,2,0,0,1,0,0,0,0,1,0,2,0,0,1,0,1,0,17
07/04/2015,1,1,0,1,0,0,1,0,0,0,0,2,0,1,2,3,0,1,0,0,1,1,0,1,0,0,0,0,0,3,1,0,20
08/04/2015,0,1,0,0,0,0,0,1,1,0,2,4,0,0,1,4,0,1,1,0,0,1,0,0,0,1,1,0,1,0,1,1,22
09/04/2015,1,1,0,2,0,0,0,1,0,0,0,4,0,0,1,3,1,0,2,0,1,0,0,0,0,1,0,1,0,0,0,3,22
10/04/2015,0,0,0,0,1,1,1,0,0,1,0,0,0,2,0,4,1,0,3,0,0,0,0,2,1,0,0,1,3,2,0,1,24
11/04/2015,1,0,1,0,0,2,1,0,1,2,0,2,0,1,1,1,0,2,0,1,0,0,0,0,1,1,0,0,3,1,0,2,24
12/04/2015,0,0,0,0,0,2,0,0,0,0,0,1,0,1,0,3,0,0,0,0,1,0,0,0,2,0,0,0,0,1,0,2,13
13/04/2015,1,0,0,0,0,0,0,0,2,1,0,2,0,0,0,0,0,0,1,1,1,0,0,0,0,0,0,0,1,2,0,0,12
14/04/2015,0,0,0,0,0,0,0,0,0,0,0,2,0,0,0,2,2,0,0,0,0,1,0,0,1,0,0,1,2,0,1,1,13
15/04/2015,0,1,1,0,0,1,0,0,0,0,0,3,0,1,1,7,0,0,0,1,1,0,0,0,0,0,0,0,3,0,0,1,21
16/04/2015,0,1,0,1,0,0,0,1,1,0,0,4,0,0,1,3,2,0,0,1,0,3,0,0,0,0,0,1,0,1,0,0,20
17/04/2015,0,1,0,0,0,0,1,0,0,0,0,4,0,1,3,5,1,0,1,0,1,0,0,1,1,0,0,1,0,1,0,1,23
18/04/2015,0,1,2,1,0,0,0,0,0,0,0,0,0,0,1,2,2,2,1,0,0,1,0,0,1,1,0,0,0,2,0,0,17
19/04/2015,0,0,1,0,0,1,0,0,0,1,0,1,0,0,0,0,0,1,0,0,1,0,0,0,1,1,0,1,2,0,0,0,11
20/04/2015,0,1,1,0,0,1,0,1,0,0,0,4,0,1,1,1,3,0,0,0,1,1,0,0,1,0,0,1,0,0,0,1,19
21/04/2015,0,0,1,0,0,2,0,0,0,1,1,4,0,1,3,4,2,0,1,0,0,1,0,1,0,2,0,0,0,2,0,0,26
22/04/2015,3,1,0,1,0,1,0,1,0,0,1,2,0,1,1,0,1,0,1,0,0,1,1,1,1,1,0,1,3,1,0,0,24
23/04/2015,2,1,0,1,0,0,0,0,1,0,1,2,0,1,4,2,0,0,2,0,0,1,0,1,0,0,0,0,3,0,0,0,22
24/04/2015,0,0,0,0,0,2,0,1,0,1,1,2,0,1,1,2,0,0,3,0,0,0,0,3,3,1,0,0,0,0,0,0,21
25/04/2015,2,2,1,0,0,0,0,0,0,1,0,1,0,0,0,6,1,0,0,0,0,0,0,1,1,0,0,0,2,0,0,2,20
26/04/2015,0,3,0,0,1,0,0,0,0,0,0,2,0,0,0,1,1,0,0,1,0,1,0,0,2,1,0,2,2,0,0,1,18
27/04/2015,0,1,0,0,0,2,0,0,0,0,1,9,0,1,1,4,0,0,0,0,1,1,0,2,1,1,0,1,0,0,1,1,28
28/04/2015,2,1,0,1,0,0,1,1,0,1,0,4,0,2,0,4,1,1,1,0,1,3,0,0,1,0,0,1,1,0,0,2,29
29/04/2015,0,1,0,0,0,0,0,4,1,0,0,1,0,1,2,2,3,0,1,0,0,1,0,0,2,0,0,1,1,0,0,4,25
30/04/2015,0,2,1,0,0,3,0,1,0,1,0,3,0,0,0,3,1,1,0,1,0,0,0,0,1,0,0,0,1,0,0,0,19
01/05/2015,2,1,0,0,1,1,1,1,1,1,1,5,0,1,0,1,0,0,1,1,1,0,0,1,0,0,0,0,4,1,0,1,27
02/05/2015,0,2,0,0,0,0,0,0,0,0,0,0,0,0,2,2,1,0,0,0,0,1,0,0,1,1,0,1,0,1,1,2,15
03/05/2015,0,1,0,1,0,1,0,2,0,2,0,0,0,0,3,2,0,2,1,0,0,1,0,1,1,1,0,1,2,2,0,3,27
04/05/2015,0,2,1,0,0,0,0,1,0,1,0,0,0,0,0,2,0,2,0,0,0,0,0,0,0,3,0,1,0,0,0,1,14
05/05/2015,0,4,1,2,0,0,0,0,0,0,0,4,0,0,2,1,1,1,0,0,1,2,0,0,1,2,0,0,1,0,1,1,25
06/05/2015,1,1,0,0,2,1,0,2,0,1,0,5,0,1,2,2,0,0,0,0,0,2,1,2,1,3,0,0,1,0,0,1,29
07/05/2015,4,0,0,0,0,2,1,1,1,0,0,2,0,1,1,3,1,0,0,0,0,1,0,1,2,0,0,2,1,1,0,2,27
08/05/2015,0,0,2,0,0,1,0,1,0,0,0,6,0,0,0,8,1,1,0,0,1,2,0,2,0,0,1,0,0,0,0,0,26
09/05/2015,1,3,1,2,0,1,0,1,0,0,0,3,0,0,0,2,1,0,1,1,0,0,0,1,1,0,0,0,0,1,0,0,20
10/05/2015,0,1,0,1,0,2,2,0,0,0,1,2,0,2,0,4,1,0,0,1,0,3,0,1,1,1,0,0,2,0,0,0,25
11/05/2015,1,1,0,0,0,1,0,0,0,0,0,1,0,1,1,3,1,0,0,0,1,1,0,2,1,0,0,0,2,0,0,0,17
12/05/2015,2,0,0,0,0,0,0,0,0,0,1,5,0,0,2,6,2,0,1,0,0,1,0,1,0,1,0,0,1,0,0,1,24
13/05/2015,2,2,0,0,1,1,0,1,1,0,1,3,0,0,1,5,1,0,0,0,4,1,0,2,1,0,0,0,1,0,0,0,28
14/05/2015,0,1,0,0,0,1,0,0,0,1,1,1,0,1,0,4,2,0,0,0,2,1,0,0,0,0,0,0,3,0,0,1,19
15/05/2015,1,2,2,3,0,1,1,0,0,0,0,5,0,1,1,5,1,1,0,1,0,2,0,0,0,0,2,0,0,0,0,1,30
16/05/2015,0,1,0,0,0,2,0,0,0,0,0,3,0,0,1,3,2,0,2,0,1,5,0,1,0,1,0,1,1,0,1,4,29
17/05/2015,0,1,0,0,0,0,0,4,1,0,0,2,0,0,0,6,1,0,1,0,0,1,0,0,0,0,0,0,1,1,1,2,22
18/05/2015,0,5,1,1,0,1,0,0,1,0,0,2,0,0,6,6,2,0,1,0,0,2,0,0,0,1,0,1,1,0,0,0,31
19/05/2015,0,1,1,3,0,1,0,0,0,0,0,7,0,0,0,3,1,0,1,1,0,0,0,0,0,2,0,0,3,0,0,3,27
20/05/2015,0,1,0,0,0,1,0,1,1,0,0,0,0,1,1,2,0,0,0,1,1,2,0,0,1,0,0,0,0,1,0,0,14
21/05/2015,1,2,0,1,1,0,0,0,0,1,1,3,0,1,0,3,2,0,1,2,0,2,0,0,0,0,0,1,0,0,0,1,23
22/05/2015,1,3,0,1,0,1,0,3,0,2,0,5,0,1,1,4,1,0,1,1,2,1,0,0,3,1,1,0,1,1,0,1,36
23/05/2015,0,1,0,0,0,0,0,2,1,1,0,1,1,0,2,3,1,0,0,0,1,2,0,1,0,0,0,2,1,1,1,2,24
24/05/2015,1,0,1,1,0,1,1,0,0,0,0,2,1,0,2,4,3,1,0,0,0,1,0,1,0,1,0,1,0,0,2,0,24
25/05/2015,0,1,1,1,0,2,0,0,0,1,0,2,0,0,0,0,4,1,0,0,0,2,0,0,1,0,0,1,2,0,0,0,19
26/05/2015,2,0,1,2,1,0,1,0,0,0,0,3,0,0,0,2,1,0,3,0,0,3,0,1,1,0,0,0,0,0,0,1,22
27/05/2015,0,0,0,1,0,0,0,0,0,1,0,1,1,2,1,4,0,0,1,0,0,3,0,0,1,1,1,1,3,1,0,0,23
28/05/2015,0,0,2,1,0,4,2,1,0,0,0,2,0,1,2,4,0,0,1,0,0,2,0,0,1,1,0,0,0,0,1,0,25
29/05/2015,1,1,1,0,0,0,3,1,1,2,0,2,0,0,2,6,2,0,2,1,0,1,0,0,0,2,0,4,2,1,0,0,35
30/05/2015,0,2,2,2,0,1,1,1,0,0,0,2,0,0,1,1,0,0,0,0,1,1,0,2,0,0,0,0,0,0,0,0,17
31/05/2015,1,0,0,0,0,1,0,1,0,0,0,1,0,0,0,2,0,0,0,0,0,0,0,1,0,2,0,1,0,1,0,0,11
01/06/2015,0,1,0,0,1,2,1,0,0,0,0,1,0,1,1,5,1,0,1,1,0,0,0,0,2,1,0,0,2,0,0,0,21
02/06/2015,1,0,0,0,1,0,0,0,0,0,0,6,0,0,1,5,1,0,0,0,0,0,0,1,1,0,0,0,3,1,0,1,22
03/06/2015,0,1,0,1,0,1,0,1,0,0,0,4,0,1,1,0,1,0,1,0,0,0,0,0,0,0,0,1,2,1,0,1,17
04/06/2015,1,0,1,0,0,3,0,2,0,1,0,4,0,1,0,3,4,0,0,0,1,0,0,1,1,1,0,0,1,0,0,0,25
05/06/2015,0,0,0,0,0,0,1,1,0,0,0,7,0,1,2,3,1,0,0,1,1,2,0,1,1,2,0,0,3,1,0,2,30
06/06/2015,2,0,1,1,0,0,0,1,1,1,1,3,1,1,1,1,0,0,4,0,1,0,0,0,1,0,0,0,1,0,2,1,25
07/06/2015,0,0,0,1,0,2,0,1,0,0,0,1,0,1,0,2,0,0,0,0,1,1,0,1,0,0,0,0,0,0,0,3,14
08/06/2015,1,2,1,1,0,1,0,0,0,1,0,5,0,0,2,2,1,1,0,0,1,2,0,1,1,1,0,1,3,2,0,2,32
09/06/2015,1,0,1,0,0,3,0,0,0,0,0,5,0,0,1,4,1,0,0,1,0,1,0,1,0,0,0,0,1,0,1,3,24
10/06/2015,0,3,0,2,0,1,1,0,1,1,0,1,0,0,4,5,2,0,0,0,1,1,0,0,1,0,0,0,0,2,1,3,30
11/06/2015,1,1,0,0,0,2,0,1,0,0,0,4,0,1,1,4,0,1,0,0,0,1,0,0,0,0,0,1,1,1,0,1,21
12/06/2015,2,2,1,2,0,0,1,1,0,0,0,0,0,0,1,4,1,1,1,0,3,1,0,1,0,0,0,2,1,1,1,2,29
13/06/2015,0,1,0,2,0,0,0,0,0,0,1,0,1,0,3,2,0,2,0,0,0,0,0,0,0,3,0,0,1,0,0,1,17
14/06/2015,0,4,0,0,0,0,0,0,0,2,0,0,0,1,1,5,1,0,0,0,0,1,0,1,1,0,0,0,1,1,1,1,21
15/06/2015,2,0,3,0,0,1,0,1,0,0,0,3,0,0,1,1,1,1,0,0,1,2,0,2,0,0,0,0,1,0,0,1,21
16/06/2015,0,0,0,1,0,0,0,1,0,0,0,3,0,0,0,0,0,0,0,0,0,2,0,0,1,0,0,1,2,3,0,0,14
17/06/2015,0,1,1,0,0,1,0,1,0,0,0,4,0,0,0,2,0,0,1,0,0,2,0,0,5,0,0,0,0,0,0,2,20
18/06/2015,1,2,0,1,0,0,2,0,0,0,0,1,0,0,0,1,1,0,1,0,1,1,0,0,0,0,0,0,0,0,0,1,13
19/06/2015,0,0,0,0,0,0,0,0,0,1,0,3,0,0,3,3,0,0,1,0,0,0,0,0,4,0,0,0,1,0,1,2,19
20/06/2015,0,2,0,0,0,0,0,1,2,1,1,1,0,0,0,1,2,0,0,0,1,1,0,1,0,1,0,1,0,1,0,0,17
21/06/2015,0,1,0,1,0,2,1,0,0,1,0,0,0,0,0,1,2,1,2,0,1,0,0,0,0,0,1,0,0,0,0,0,14
22/06/2015,0,1,1,2,0,2,0,0,0,0,0,1,0,0,1,3,2,2,1,1,1,3,0,0,0,2,0,0,1,0,1,3,28
23/06/2015,1,0,0,0,0,0,1,1,0,0,1,2,0,0,2,6,0,0,0,0,1,2,0,0,1,2,0,0,0,0,0,3,23
24/06/2015,0,0,0,0,0,0,0,1,1,0,1,5,0,0,1,0,0,0,0,0,0,1,0,2,1,0,0,1,3,2,0,1,20
25/06/2015,0,1,1,0,1,0,1,0,0,1,0,4,0,1,2,2,1,0,2,0,2,1,0,4,0,1,0,0,0,0,3,1,29
26/06/2015,1,0,0,3,0,3,3,1,1,0,0,7,0,1,2,2,2,0,0,1,1,1,0,0,0,1,0,1,0,1,0,1,33
27/06/2015,0,0,0,0,1,1,0,0,0,0,0,2,0,0,0,4,2,0,0,0,1,1,0,0,0,1,0,0,1,1,0,0,15
28/06/2015,0,2,0,0,0,2,0,0,0,0,1,2,0,0,0,2,1,0,1,0,0,0,0,1,1,1,0,0,0,0,0,2,16
29/06/2015,1,1,1,1,0,1,1,0,0,1,0,2,0,0,1,3,1,0,0,1,0,0,0,1,1,0,0,0,0,0,0,1,18
30/06/2015,2,0,1,0,0,0,0,0,1,1,0,3,0,1,3,4,0,0,0,0,0,0,0,1,1,1,0,1,2,1,0,0,23
01/07/2015,0,0,2,1,0,0,0,1,1,1,0,4,0,0,0,5,0,1,0,0,0,1,0,0,1,0,0,0,1,1,0,1,21
02/07/2015,3,1,0,1,0,3,0,2,0,0,0,4,0,0,1,1,2,0,0,0,1,0,1,1,4,1,0,0,1,1,1,0,29
03/07/2015,1,1,1,0,0,2,1,1,0,0,0,2,0,0,1,2,3,0,1,0,0,0,0,1,1,2,0,2,2,1,0,0,25
04/07/2015,0,2,0,0,1,0,0,0,0,1,0,0,0,0,0,5,1,0,1,0,1,2,1,0,0,0,0,0,0,0,0,2,17
05/07/2015,0,2,0,3,0,1,0,0,0,0,0,2,0,0,2,1,0,0,0,0,1,1,0,0,0,0,0,0,2,2,2,1,20
06/07/2015,0,2,0,0,1,2,1,0,0,0,0,4,0,3,0,0,0,2,0,0,0,1,0,1,0,1,0,1,0,0,0,1,20
07/07/2015,0,2,1,1,0,1,0,0,0,1,0,4,0,0,0,4,2,0,0,1,1,1,0,1,0,1,0,1,1,0,0,2,25
08/07/2015,0,1,0,1,0,1,1,1,0,0,0,7,0,2,2,1,2,0,0,1,0,0,0,1,2,0,0,0,1,2,0,0,26
09/07/2015,0,0,0,0,0,1,0,1,0,0,0,2,0,1,1,1,2,0,0,0,1,4,0,0,0,0,0,0,1,0,0,0,15
10/07/2015,1,2,4,0,0,2,0,0,0,0,1,2,0,0,2,2,0,0,1,0,0,2,0,2,1,1,0,0,0,0,1,2,26
11/07/2015,0,1,0,4,0,5,1,1,0,1,0,2,0,1,0,2,0,0,1,0,1,1,0,1,0,0,1,0,0,0,1,0,24
12/07/2015,0,1,1,0,0,1,0,2,0,0,0,1,0,0,1,2,0,0,1,0,0,0,1,2,0,0,0,0,1,2,0,0,16
13/07/2015,1,1,0,0,0,1,0,0,0,1,0,2,1,0,0,11,0,1,3,0,1,1,0,1,0,2,0,1,0,1,0,2,31
14/07/2015,0,0,1,0,0,0,0,0,0,0,0,7,0,0,1,2,0,0,0,0,0,1,0,1,1,3,0,0,1,2,0,0,20
15/07/2015,0,0,0,2,0,0,0,1,0,1,0,5,0,0,2,1,2,0,1,0,0,1,0,1,0,0,0,2,0,1,1,0,21
16/07/2015,0,0,0,2,0,0,0,0,0,0,0,2,0,1,0,2,1,0,0,0,0,1,0,0,1,0,0,1,2,0,1,1,15
17/07/2015,0,0,0,1,0,0,1,1,1,1,0,3,0,1,4,4,0,1,0,0,0,2,0,2,0,2,0,0,0,1,0,5,30
18/07/2015,0,1,0,0,0,2,0,1,0,1,0,3,1,2,2,3,1,0,0,1,0,2,0,1,0,2,0,1,1,0,0,1,26
19/07/2015,0,0,1,1,0,1,0,1,0,0,0,5,0,1,1,2,2,1,0,1,1,1,0,1,0,1,0,0,2,0,0,1,24
20/07/2015,2,0,0,2,1,0,0,0,1,0,0,4,0,1,0,2,0,0,1,2,1,1,0,1,1,0,0,0,2,1,2,4,29
21/07/2015,1,0,0,1,0,0,1,2,1,0,3,2,0,1,2,4,1,1,0,0,0,1,0,0,0,0,0,1,0,1,0,0,23
22/07/2015,1,0,0,0,0,0,0,0,0,0,0,0,0,1,2,4,2,0,0,0,0,1,0,2,1,0,0,0,0,0,1,1,16
23/07/2015,0,0,0,0,0,0,1,0,0,1,0,2,0,1,2,3,2,0,0,0,2,0,0,0,1,1,0,1,1,1,0,1,20
24/07/2015,0,1,0,1,0,1,0,1,0,0,0,5,0,0,1,7,1,0,0,0,1,0,0,0,1,0,0,0,3,0,0,1,24
25/07/2015,0,0,0,3,0,0,0,0,0,1,0,3,0,0,0,6,0,0,1,0,0,2,0,1,0,0,0,0,2,0,0,1,20
26/07/2015,2,2,1,0,0,3,0,0,0,1,1,3,0,0,0,5,2,0,0,0,0,0,0,2,0,3,0,1,1,0,0,1,28
27/07/2015,0,0,0,2,0,0,0,0,0,1,0,2,0,2,0,2,0,1,0,0,0,4,1,0,1,2,0,0,2,0,1,0,21
28/07/2015,0,0,0,0,0,2,0,1,1,1,0,4,1,0,1,3,2,0,0,0,0,2,0,0,1,1,1,4,1,0,0,0,26
29/07/2015,1,0,0,1,0,0,0,1,0,2,1,2,0,1,3,3,2,0,0,0,1,1,0,0,0,1,0,0,3,1,1,2,27
30/07/2015,1,1,0,0,1,0,0,0,0,0,1,4,0,1,3,4,2,1,0,0,0,2,0,0,1,1,0,0,2,0,0,0,25
31/07/2015,1,0,1,0,0,2,1,1,2,0,0,4,0,2,0,3,1,0,3,0,1,1,0,0,1,0,0,1,2,0,0,1,28
01/08/2015,2,4,2,1,0,1,1,0,0,1,0,0,0,1,1,6,2,1,1,0,1,2,0,1,0,0,0,1,2,0,0,0,31
02/08/2015,0,0,0,0,0,2,1,2,1,0,0,4,1,0,0,0,3,0,0,1,0,1,0,0,0,1,0,0,1,0,0,0,18
03/08/2015,0,0,0,1,1,3,0,0,0,1,0,5,0,0,1,4,3,0,1,0,0,2,0,0,0,3,0,1,0,0,2,2,30
04/08/2015,0,0,0,0,0,1,0,1,0,0,0,5,0,1,2,5,4,1,1,0,1,1,0,0,2,0,0,1,1,0,0,3,30
05/08/2015,1,1,1,3,1,1,0,1,0,0,1,2,0,2,0,4,1,0,0,0,0,1,0,1,2,0,0,1,0,1,0,0,25
06/08/2015,1,0,0,1,0,1,0,3,2,1,0,2,0,0,2,3,3,1,0,1,0,0,0,0,2,1,0,1,1,1,0,2,29
07/08/2015,0,1,0,1,0,0,2,0,1,0,1,6,0,1,2,6,2,0,0,0,1,1,0,0,2,1,0,0,3,0,0,0,31
08/08/2015,0,2,0,1,0,2,0,0,0,0,0,4,0,0,1,2,1,0,1,0,0,0,0,0,1,2,0,1,2,0,0,0,20
09/08/2015,1,1,0,2,0,0,0,0,0,1,0,5,0,1,0,5,1,0,1,1,0,2,0,1,0,0,0,0,4,2,0,0,28
10/08/2015,0,2,1,2,1,1,0,1,0,0,1,3,0,0,1,0,1,0,0,0,1,1,0,0,0,1,0,0,2,1,1,1,22
11/08/2015,0,1,0,1,0,0,0,1,0,0,0,3,0,1,0,3,1,0,0,0,1,1,0,0,1,1,0,2,1,0,0,0,18
12/08/2015,2,1,0,0,0,0,1,0,2,0,1,3,0,0,0,3,0,0,0,1,0,2,0,0,2,1,0,0,0,0,0,1,20
13/08/2015,1,1,1,1,0,2,0,0,0,1,0,5,0,3,2,7,0,0,0,0,0,2,0,0,2,1,1,0,1,0,0,1,32
14/08/2015,1,1,2,0,0,2,2,0,0,1,0,4,0,0,3,3,3,0,1,0,0,2,0,1,0,3,0,0,1,2,1,0,33
15/08/2015,0,5,1,1,0,1,0,0,0,0,0,5,1,1,3,4,1,1,1,1,1,2,0,1,0,1,0,2,3,1,0,2,39
16/08/2015,1,1,0,0,0,0,0,1,0,1,0,0,0,0,0,5,2,0,0,0,0,0,0,1,1,0,1,1,2,0,1,0,18
17/08/2015,0,1,0,0,0,3,1,1,0,0,0,4,0,0,2,3,0,0,1,1,1,3,0,0,4,1,0,1,3,1,1,0,32
18/08/2015,0,2,1,0,0,1,1,1,0,0,0,5,1,1,1,1,1,0,1,0,2,2,0,0,0,2,0,0,1,1,1,1,27
19/08/2015,0,0,0,2,0,0,0,0,0,1,1,8,1,2,0,4,0,0,0,0,2,1,0,0,1,0,0,1,4,0,0,2,30
20/08/2015,2,0,0,0,0,0,0,1,0,2,0,4,0,0,2,1,0,0,1,0,1,1,0,1,0,1,0,1,1,0,1,3,23
21/08/2015,0,0,4,1,0,1,0,1,1,0,1,3,1,0,0,1,2,0,0,0,1,1,0,0,0,0,0,0,0,0,0,1,19
22/08/2015,0,2,0,1,1,1,0,1,0,0,0,1,0,0,0,3,1,0,0,0,0,2,0,0,1,0,0,2,2,0,0,2,20
23/08/2015,0,2,0,2,0,2,0,0,0,2,0,3,0,0,0,1,1,0,1,1,0,0,0,1,2,0,0,1,2,2,0,0,23
24/08/2015,0,2,1,0,0,2,0,1,0,0,1,2,0,0,0,4,2,1,0,0,0,0,0,0,1,1,0,0,4,0,0,0,22
25/08/2015,1,2,0,0,1,1,1,0,0,0,1,8,0,0,0,3,3,1,2,0,0,0,0,1,1,0,0,1,2,0,0,1,30
26/08/2015,3,3,1,0,1,0,1,0,0,0,1,1,0,0,0,9,0,0,0,2,2,4,0,0,1,0,0,1,1,0,1,3,35
27/08/2015,0,2,0,1,1,2,0,0,1,0,0,0,1,2,1,5,1,1,0,0,0,1,0,1,0,1,0,0,1,0,0,2,24
28/08/2015,0,0,0,0,3,1,0,1,0,1,0,5,0,0,1,1,2,1,0,0,0,1,0,0,0,0,0,1,4,1,1,2,26
29/08/2015,0,0,1,0,0,0,0,0,1,0,1,2,1,0,2,7,3,0,2,0,0,3,0,1,1,1,0,1,1,0,0,0,28
30/08/2015,0,0,0,2,1,1,0,0,1,0,0,3,0,0,1,1,4,0,2,0,0,1,0,1,0,0,0,2,0,0,1,1,22
31/08/2015,2,0,1,2,0,0,0,1,0,1,0,8,0,0,0,7,0,0,0,0,0,2,0,2,0,0,0,0,1,1,0,0,28
01/09/2015,2,1,0,1,0,0,0,0,0,0,0,3,0,0,5,2,1,0,0,0,0,0,0,0,1,1,0,0,2,0,0,1,20
02/09/2015,0,0,0,0,0,0,2,1,0,0,0,4,1,1,2,2,3,0,0,0,0,1,0,1,1,2,0,1,1,0,0,1,24
03/09/2015,0,4,1,1,0,1,0,0,1,1,1,1,0,0,1,3,1,0,1,1,2,2,1,0,0,1,0,1,0,1,0,1,27
04/09/2015,4,1,1,0,0,1,0,1,0,0,1,4,0,2,1,1,1,0,0,0,0,1,0,0,0,0,0,1,3,1,0,0,24
05/09/2015,0,0,2,0,1,0,0,0,0,1,0,3,0,0,2,4,2,1,0,0,1,1,0,1,0,0,0,1,3,0,0,1,24
06/09/2015,0,0,0,2,0,2,1,0,0,0,0,1,0,0,2,3,2,0,0,0,0,1,0,0,0,1,0,0,3,0,0,0,18
07/09/2015,3,0,2,0,0,2,0,0,0,1,0,3,0,0,6,7,0,0,0,0,1,3,0,2,1,0,1,0,0,0,1,1,34
08/09/2015,2,0,0,0,0,1,2,1,0,0,0,2,0,0,2,2,0,0,2,0,0,0,0,1,0,0,1,0,1,0,0,1,18
09/09/2015,1,0,0,1,0,2,1,0,0,0,0,5,0,0,0,4,0,0,0,0,0,1,0,0,2,0,0,1,0,0,0,2,20
10/09/2015,1,0,0,0,0,4,0,1,0,1,0,6,0,1,2,6,2,1,0,0,1,1,0,0,1,0,0,2,1,0,1,1,33
11/09/2015,0,0,0,0,0,0,0,0,0,0,0,2,0,4,1,5,2,0,2,1,0,2,0,1,0,1,0,0,2,2,0,2,27
12/09/2015,1,1,0,0,0,1,0,0,1,0,0,3,1,1,0,4,1,1,1,1,0,1,0,1,1,0,0,0,2,1,1,2,26
13/09/2015,1,1,0,1,0,0,0,0,0,0,0,2,0,1,4,2,2,0,0,0,0,1,0,0,1,0,1,1,3,4,1,5,31
14/09/2015,0,0,0,0,0,0,0,0,0,1,0,2,0,0,1,5,0,0,0,1,0,1,0,0,0,0,0,0,0,1,0,2,14
15/09/2015,0,3,1,0,0,0,0,0,0,2,0,4,0,1,0,2,1,0,1,0,0,1,0,0,2,1,0,1,1,0,1,2,24
16/09/2015,1,1,0,0,0,1,0,0,1,0,0,0,0,2,3,2,1,1,0,0,0,1,0,0,1,1,0,1,2,0,0,1,20
17/09/2015,0,4,0,0,0,0,2,1,0,0,0,3,0,3,3,2,2,0,0,1,1,2,1,1,3,0,0,2,2,0,0,1,34
18/09/2015,0,0,0,1,0,1,0,0,1,1,1,0,0,0,1,1,0,1,0,0,1,2,0,2,2,2,0,1,0,0,0,0,18
19/09/2015,0,0,0,0,0,0,1,0,0,0,0,3,0,0,1,4,3,0,0,0,0,4,0,0,0,0,0,0,2,2,0,0,20
20/09/2015,0,3,0,0,0,1,0,1,0,0,0,2,0,3,0,2,1,0,0,0,1,2,0,0,0,1,0,0,0,0,1,0,18
21/09/2015,0,2,1,0,0,2,0,0,0,0,0,2,0,1,1,1,0,0,0,0,0,1,0,5,0,1,0,1,0,0,0,0,18
22/09/2015,1,0,2,2,2,2,0,0,0,0,0,2,0,0,3,2,1,1,2,0,0,2,0,0,3,1,0,0,0,0,0,1,27
23/09/2015,1,1,1,2,1,0,0,0,0,1,2,3,0,0,1,8,1,0,0,0,1,0,0,0,0,1,0,1,1,0,1,2,29
24/09/2015,0,0,1,1,1,1,0,1,1,0,0,2,0,1,1,6,2,0,1,0,1,3,0,2,1,2,0,0,0,2,0,2,32
25/09/2015,0,2,0,0,1,0,1,0,0,1,0,5,0,1,5,5,1,0,2,0,2,0,0,0,0,2,0,0,2,0,0,0,30
26/09/2015,0,1,0,1,0,1,0,0,0,0,0,3,0,0,1,1,0,0,0,0,0,0,0,0,0,1,0,0,1,0,0,0,10
27/09/2015,1,2,0,0,1,2,2,0,0,0,0,3,0,2,3,3,3,0,0,0,0,2,0,0,0,0,0,3,0,1,0,0,28
28/09/2015,1,2,2,0,0,0,0,1,0,1,0,2,0,3,1,3,1,0,0,2,1,0,0,0,1,0,0,0,1,1,0,1,24
29/09/2015,0,3,0,1,0,1,0,0,1,0,2,3,0,0,2,1,0,1,0,0,0,1,0,0,1,1,0,1,1,0,0,4,24
30/09/2015,0,0,0,2,0,0,0,0,0,0,0,2,0,0,2,3,0,1,0,0,1,2,0,0,2,0,0,1,2,0,0,1,19
01/10/2015,1,0,0,0,0,0,0,3,1,1,0,7,0,1,2,3,1,1,1,0,2,0,0,2,1,1,0,1,1,2,1,2,35
02/10/2015,2,0,0,1,0,0,0,0,1,0,0,6,0,3,1,2,3,0,0,0,0,3,0,0,0,2,0,1,0,1,0,1,27
03/10/2015,0,1,0,0,0,1,0,0,1,0,0,3,0,0,1,0,1,1,0,0,0,1,0,0,1,1,0,0,0,0,0,1,13
04/10/2015,0,0,1,2,1,0,0,0,0,0,0,2,0,0,0,2,2,0,1,0,1,0,0,0,0,0,0,0,2,1,1,1,17
05/10/2015,0,1,0,1,0,0,0,2,0,1,0,3,0,1,1,3,0,0,1,1,0,1,0,0,1,0,0,0,1,1,1,3,23
06/10/2015,1,2,0,0,0,1,0,1,0,3,0,2,1,3,3,3,0,2,0,0,0,3,0,1,1,1,0,1,7,0,0,1,37
07/10/2015,1,1,0,1,1,0,0,0,1,1,1,4,0,3,1,1,1,0,0,0,0,2,0,1,1,1,0,0,1,0,1,1,25
08/10/2015,2,3,0,0,0,1,0,1,0,0,0,6,0,0,2,7,2,1,0,0,1,2,0,1,2,0,0,0,3,1,0,1,36
09/10/2015,0,0,0,0,0,0,0,1,0,1,2,1,0,2,1,2,4,0,1,1,1,0,0,0,1,0,0,1,1,0,0,1,21
10/10/2015,2,1,0,0,0,0,0,1,0,0,1,2,0,0,0,3,1,0,1,0,0,1,0,1,0,0,0,0,1,0,0,1,16
11/10/2015,0,0,0,0,1,0,0,0,0,0,0,3,0,2,1,2,1,0,1,0,1,2,0,1,0,1,0,0,1,1,0,0,18
12/10/2015,0,2,1,0,0,0,0,1,0,0,0,4,0,1,0,3,0,0,0,0,1,2,0,0,0,1,0,0,2,2,1,0,21
13/10/2015,1,2,0,0,0,0,0,0,1,2,1,2,0,0,0,2,2,0,1,0,1,2,0,0,0,1,0,0,1,1,0,2,22
14/10/2015,1,2,0,0,0,0,0,0,1,0,0,5,0,0,0,5,0,0,0,0,1,0,0,0,2,2,0,0,1,1,0,0,21
15/10/2015,0,2,0,0,1,0,0,0,0,0,1,5,0,0,0,5,0,0,0,0,2,1,0,0,0,2,0,0,2,0,0,2,23
16/10/2015,0,1,0,0,0,0,0,0,0,0,0,2,0,1,1,2,3,3,0,0,0,5,0,0,1,2,0,0,2,0,1,2,26
17/10/2015,0,3,1,0,0,1,0,1,0,0,0,1,0,0,0,4,0,0,0,0,1,2,0,1,0,1,0,0,1,0,0,2,19
18/10/2015,0,1,0,0,0,0,1,0,0,0,0,2,0,1,2,1,2,0,0,0,0,0,0,1,0,1,0,0,1,1,0,0,14
19/10/2015,0,0,0,1,1,0,0,0,0,0,0,2,0,0,2,8,0,0,0,0,0,2,1,2,0,0,0,1,0,0,0,1,21
20/10/2015,0,2,0,0,1,1,0,0,1,0,0,2,0,1,1,2,1,0,0,0,2,1,0,1,0,0,0,0,0,0,0,2,18
21/10/2015,0,1,0,0,0,1,1,2,0,0,1,3,0,0,2,6,1,0,1,0,1,1,0,0,3,0,0,0,2,1,0,1,28
22/10/2015,0,0,0,0,0,2,1,0,0,0,0,1,0,1,0,3,0,0,0,0,0,1,0,0,1,1,0,1,2,0,0,0,14
23/10/2015,0,0,0,2,1,1,1,1,0,0,1,3,1,2,0,7,2,2,0,0,2,2,0,1,1,1,0,0,2,1,0,1,35
24/10/2015,1,1,2,0,0,0,0,1,0,0,1,4,0,0,1,3,0,0,0,0,0,0,0,1,0,1,0,0,2,2,0,1,21
25/10/2015,0,1,0,1,0,0,0,0,0,0,0,1,0,1,2,3,0,0,1,0,2,3,0,0,0,0,0,0,0,0,0,2,17
26/10/2015,0,2,0,1,0,0,1,1,0,0,0,3,1,0,1,5,2,1,1,0,0,2,0,1,0,2,0,0,1,0,0,1,26
27/10/2015,0,1,1,1,0,0,0,2,0,1,0,2,0,0,0,3,2,0,0,0,1,1,0,0,0,1,0,1,2,0,0,0,19
28/10/2015,1,0,1,2,1,1,0,1,0,0,0,9,0,1,0,5,0,2,1,0,0,0,0,0,0,1,0,0,1,0,0,1,28
29/10/2015,0,1,0,0,0,0,0,0,0,0,1,5,0,0,0,8,2,0,1,0,0,2,0,0,0,0,0,0,2,1,0,4,27
30/10/2015,1,0,0,0,0,0,2,0,1,1,1,8,0,0,1,3,0,0,1,0,0,1,0,0,0,1,0,0,2,0,0,1,24
31/10/2015,0,3,1,0,1,0,0,0,0,0,0,3,0,2,2,4,0,1,0,0,1,0,0,2,0,1,0,0,2,1,0,1,25
01/11/2015,0,1,0,0,0,0,0,0,0,0,1,2,0,0,3,3,2,0,1,0,0,3,0,1,2,0,0,0,2,0,0,2,23
02/11/2015,2,1,0,0,0,1,0,1,0,0,0,4,0,0,0,1,3,0,2,0,0,0,0,0,1,0,0,1,1,1,1,2,22
03/11/2015,2,0,1,1,0,0,0,0,0,0,1,3,0,2,1,4,2,0,1,1,1,3,0,1,0,0,0,1,0,0,0,2,27
04/11/2015,1,3,0,0,0,4,0,0,1,1,1,9,0,0,0,3,1,2,0,0,0,0,0,1,0,0,0,1,2,0,0,3,33
05/11/2015,2,1,0,0,0,0,1,0,0,0,0,8,0,2,1,4,1,0,0,0,0,0,0,0,0,1,0,1,0,1,0,2,25
06/11/2015,0,1,0,2,0,0,0,0,0,0,0,1,0,1,2,9,3,0,1,0,1,1,0,3,2,1,0,0,5,1,0,0,34
07/11/2015,1,0,0,0,1,1,0,0,1,1,0,7,0,1,3,4,2,1,1,0,0,4,0,0,0,0,0,3,1,1,0,2,35
08/11/2015,1,0,1,0,0,1,0,0,0,1,0,0,0,1,1,5,0,0,0,0,1,1,1,0,2,1,0,2,0,1,0,1,21
09/11/2015,0,1,1,0,0,1,0,0,0,0,0,1,0,2,1,6,2,0,0,0,1,1,0,0,2,2,0,1,1,0,0,3,26
10/11/2015,1,0,0,0,1,0,0,1,0,0,0,3,0,1,1,2,1,0,0,1,2,3,0,0,0,0,0,3,0,0,0,2,22
11/11/2015,0,1,0,0,0,0,2,0,0,0,1,0,0,0,1,3,1,0,0,0,0,3,0,0,0,0,0,0,1,0,0,2,15
12/11/2015,1,2,0,0,0,1,0,2,0,0,0,4,0,1,2,6,1,1,1,0,1,0,0,1,1,2,0,1,0,1,0,0,29
13/11/2015,2,1,0,2,0,0,0,1,1,2,1,7,0,0,1,3,1,0,0,0,0,4,0,0,1,0,0,0,4,0,0,1,32
14/11/2015,0,0,1,0,0,0,1,1,0,2,0,7,0,0,0,5,1,1,0,0,0,2,0,0,0,0,0,1,2,0,0,0,24
15/11/2015,0,0,1,0,0,1,0,1,0,0,1,5,0,0,0,4,1,0,1,0,1,0,0,0,1,0,0,0,1,0,1,2,21
16/11/2015,1,0,0,2,0,0,0,0,0,0,0,1,0,0,2,3,1,0,0,0,0,2,0,1,0,1,0,0,3,0,0,2,19
17/11/2015,0,1,0,0,0,1,2,0,0,0,0,6,0,1,1,9,1,0,1,0,0,1,0,1,1,1,0,0,1,0,0,0,28
18/11/2015,1,0,0,1,0,0,2,0,0,1,0,3,0,0,3,4,1,1,0,0,1,5,0,0,3,1,1,0,0,1,0,0,29
19/11/2015,1,0,0,0,0,0,1,1,0,0,2,5,0,1,2,4,0,0,0,0,0,2,0,2,0,1,1,1,2,1,1,2,30
20/11/2015,2,0,0,2,0,1,1,0,1,1,1,2,0,0,3,9,1,0,1,0,0,0,0,0,0,0,0,1,2,0,1,0,29
21/11/2015,0,1,1,1,1,1,0,2,1,2,0,1,1,0,2,3,2,0,0,0,1,0,0,0,1,1,0,1,2,0,1,2,28
22/11/2015,0,2,0,0,0,1,0,0,0,2,0,5,0,0,1,3,1,1,1,0,0,1,0,0,0,0,0,0,2,0,0,0,20
23/11/2015,1,0,0,0,1,0,0,1,1,0,1,7,0,0,0,2,1,0,0,0,0,0,0,1,1,0,0,0,1,0,0,3,21
24/11/2015,0,0,1,1,0,1,0,1,0,2,0,3,0,0,1,3,1,1,1,2,0,4,0,0,2,0,1,1,2,1,2,1,32
25/11/2015,1,0,1,0,0,0,2,1,1,0,0,4,0,0,0,4,0,0,1,0,2,1,0,0,0,0,0,0,2,2,1,3,26
26/11/2015,0,2,1,0,0,2,0,0,0,0,0,8,0,0,1,2,0,0,0,0,1,2,0,2,1,0,0,0,0,1,1,2,26
27/11/2015,1,0,1,3,0,0,1,1,0,1,0,1,0,0,2,1,1,0,0,0,0,1,0,0,0,0,0,1,3,0,1,2,21
28/11/2015,3,1,0,1,0,1,0,2,1,0,0,2,1,3,2,3,2,0,1,0,0,2,1,1,0,1,0,0,2,1,1,1,33
29/11/2015,0,0,0,1,0,1,1,0,0,0,0,4,0,0,0,4,1,0,1,0,1,1,0,2,1,3,0,1,1,0,0,0,23
30/11/2015,0,1,0,0,0,0,0,0,0,0,1,3,0,0,0,5,0,0,0,1,0,1,0,0,0,1,0,0,3,0,0,0,16
01/12/2015,0,1,0,0,0,2,0,0,0,0,0,7,0,0,3,6,2,0,0,0,0,3,0,0,2,2,0,0,1,0,0,1,30
02/12/2015,1,0,0,0,0,3,0,2,0,0,0,2,0,2,4,4,1,0,2,0,1,3,0,0,0,0,0,2,3,0,1,0,31
03/12/2015,1,0,0,0,0,1,0,1,0,1,1,4,0,1,1,13,0,0,2,0,1,1,0,1,0,1,0,1,2,0,1,2,36
04/12/2015,2,1,0,1,0,0,0,1,0,1,0,1,0,3,1,2,1,1,1,0,0,2,0,0,1,1,0,0,1,1,0,1,23
05/12/2015,0,2,1,1,0,0,0,0,0,0,0,2,0,2,4,7,0,2,1,0,1,0,0,0,2,0,0,1,1,0,0,3,30
06/12/2015,2,1,0,0,1,0,0,0,1,1,1,1,0,0,3,5,2,0,1,0,2,2,0,0,1,0,0,0,1,0,0,1,26
07/12/2015,3,0,0,1,0,2,0,0,0,0,0,2,0,0,1,4,0,0,2,0,0,1,0,0,2,2,0,0,2,0,0,1,23
08/12/2015,0,0,1,0,0,0,0,1,1,1,0,3,0,0,1,2,2,0,1,0,0,2,0,0,0,1,0,0,1,0,0,0,17
09/12/2015,2,0,0,0,1,1,0,1,0,0,0,5,0,1,1,4,0,1,0,0,1,2,0,1,1,0,0,1,0,0,1,3,27
10/12/2015,1,1,0,1,0,0,1,0,0,2,0,3,0,0,2,6,2,0,0,0,0,0,0,1,0,1,1,1,1,2,1,3,30
11/12/2015,1,1,0,0,0,2,1,1,0,1,0,5,0,2,0,3,1,0,0,1,0,5,0,0,0,0,0,0,1,1,1,2,29
12/12/2015,0,2,0,0,1,1,0,1,0,1,0,0,0,1,0,5,2,0,2,0,0,2,0,1,1,3,0,0,0,0,1,0,24
13/12/2015,0,1,0,0,0,4,0,1,0,0,1,4,0,2,1,3,0,0,0,0,0,1,0,0,0,0,0,1,1,1,0,5,26
14/12/2015,0,0,1,0,0,0,0,0,1,0,0,1,0,0,0,8,0,0,0,1,1,3,0,2,0,0,0,0,0,1,0,0,19
15/12/2015,0,0,1,0,0,2,1,0,0,1,0,2,0,2,1,3,0,1,0,0,3,1,0,1,0,0,0,0,0,0,0,2,21
16/12/2015,0,0,0,0,0,0,0,0,0,1,0,5,0,1,2,1,2,1,2,0,0,1,0,0,1,1,0,1,0,3,0,2,24
17/12/2015,1,0,0,0,0,1,0,0,0,1,0,1,0,2,1,1,0,0,0,0,1,1,0,0,1,2,1,0,0,0,0,0,14
18/12/2015,1,0,0,2,0,0,0,2,0,0,3,9,0,2,3,4,0,1,0,2,2,5,0,1,1,0,0,1,2,0,0,0,41
19/12/2015,0,2,1,1,0,0,0,2,0,0,0,2,0,2,1,6,1,0,0,1,0,0,0,0,1,2,0,0,2,0,0,0,24
20/12/2015,1,1,0,0,0,0,0,2,0,1,0,5,0,0,1,3,0,0,0,0,0,1,0,1,0,0,0,0,1,0,0,1,18
21/12/2015,0,1,0,1,0,0,0,0,0,1,0,4,0,1,2,5,1,0,1,1,0,2,0,0,1,1,0,1,4,1,1,4,33
22/12/2015,0,1,0,0,0,0,0,1,0,1,0,3,0,1,4,4,1,0,1,0,0,0,0,0,1,2,0,0,3,1,0,2,26
23/12/2015,2,1,0,0,0,1,0,2,0,0,0,2,0,0,0,4,1,0,0,0,0,2,0,0,2,1,0,1,1,2,1,3,26
24/12/2015,2,1,0,0,0,0,0,1,0,0,0,4,0,0,2,1,1,0,2,0,1,3,0,1,1,0,0,2,1,1,0,2,26
25/12/2015,1,0,0,0,0,1,1,0,0,0,0,1,0,0,2,1,0,0,0,1,0,0,0,1,0,0,0,1,1,1,0,0,12
26/12/2015,3,0,0,2,0,3,1,0,0,0,0,3,0,2,1,4,0,0,0,0,0,0,0,0,0,2,0,0,0,1,0,1,23
27/12/2015,1,1,1,1,0,1,0,0,0,1,1,0,0,1,0,2,0,0,0,0,0,1,0,0,0,1,0,0,0,1,1,0,14
28/12/2015,0,0,0,0,0,0,0,0,0,0,0,2,0,1,1,2,1,0,0,0,0,0,0,1,0,0,0,2,0,1,0,1,12
29/12/2015,0,0,0,1,1,0,0,0,0,1,0,3,0,0,1,2,1,0,0,0,1,0,0,0,0,1,0,1,1,0,1,1,16
30/12/2015,0,0,0,2,1,0,0,0,0,1,0,4,0,1,1,1,1,0,1,0,1,1,0,0,2,1,0,0,2,0,0,1,21
31/12/2015,0,1,0,0,0,1,0,1,1,0,0,4,0,0,3,1,0,0,0,0,0,0,0,1,0,0,0,2,0,1,0,1,17
01/01/2016,0,0,0,1,0,1,0,0,0,0,0,4,0,0,1,1,0,0,0,1,1,0,0,0,0,0,0,1,2,0,0,2,15
02/01/2016,2,2,0,1,0,0,0,0,0,0,0,2,0,0,1,3,0,0,0,0,0,2,0,0,0,0,0,0,0,0,1,0,14
03/01/2016,0,1,0,1,0,1,0,0,0,1,0,1,0,0,0,3,1,0,0,0,0,1,0,0,0,2,0,0,0,0,0,1,13
04/01/2016,0,0,0,0,0,1,1,1,0,0,0,2,0,0,2,1,1,0,0,0,0,0,0,1,1,1,0,1,0,0,0,1,14
05/01/2016,2,0,0,0,0,1,0,0,0,0,1,7,0,0,4,5,1,0,1,0,0,1,0,0,1,0,0,0,2,0,0,2,28
06/01/2016,0,1,0,0,0,1,3,0,0,0,0,2,0,0,1,2,0,0,1,0,0,4,0,0,1,0,0,0,1,1,1,2,21
07/01/2016,1,0,0,3,0,0,0,1,0,1,0,2,0,1,1,3,0,0,0,0,1,0,0,1,0,3,0,0,4,1,0,1,24
08/01/2016,0,2,1,0,0,0,0,1,0,2,0,4,0,2,1,8,0,0,0,0,0,0,0,1,3,1,0,1,2,1,0,0,30
09/01/2016,0,0,0,2,1,1,0,0,1,1,0,4,0,2,0,3,0,0,0,1,0,2,0,0,1,0,0,1,0,0,0,1,21
10/01/2016,0,1,0,0,0,0,0,0,0,1,0,2,1,2,0,4,1,0,0,0,0,0,0,0,1,0,0,1,3,0,0,0,17
11/01/2016,0,2,0,0,0,0,1,1,0,0,0,4,0,1,2,3,3,1,0,0,1,2,1,0,0,3,0,0,2,0,2,0,29
12/01/2016,0,1,0,0,0,0,2,0,1,2,0,8,0,1,1,4,0,0,1,0,0,2,0,1,1,0,1,1,1,0,0,3,31
13/01/2016,0,4,0,0,0,4,0,1,0,1,1,6,0,2,4,7,2,0,3,0,0,1,1,0,0,0,0,1,1,0,0,3,42
14/01/2016,1,1,0,1,0,0,0,0,1,1,0,3,0,0,2,6,1,1,1,0,2,1,0,1,3,0,0,0,2,0,0,0,28
15/01/2016,0,0,0,0,0,1,1,0,1,0,1,1,1,0,1,2,1,1,1,0,0,2,0,1,1,1,1,2,1,0,0,3,24
16/01/2016,0,1,0,0,0,2,0,2,0,0,1,1,0,0,1,2,1,0,1,0,0,1,0,1,3,1,0,2,0,0,1,0,21
17/01/2016,0,0,0,0,0,1,0,0,0,0,0,1,0,0,0,3,2,0,2,0,0,1,0,0,0,0,0,0,0,0,0,1,11
18/01/2016,2,1,2,0,0,1,0,1,1,0,1,2,0,2,1,4,0,0,0,0,2,2,0,0,2,0,1,0,0,0,1,0,26
19/01/2016,0,0,0,0,0,0,0,1,0,0,0,4,0,0,1,7,3,0,0,0,1,1,0,0,0,0,0,1,2,1,1,1,24
20/01/2016,1,1,0,0,0,0,0,0,1,1,0,4,0,3,1,3,0,0,0,0,0,1,0,1,0,0,0,1,2,2,0,1,23
21/01/2016,0,0,0,0,0,1,0,0,0,2,1,3,0,1,2,3,1,1,2,1,0,0,1,2,0,0,0,2,4,0,0,0,27
22/01/2016,0,1,0,1,1,0,1,0,0,0,0,4,0,0,2,6,1,1,0,0,0,1,0,2,0,0,0,0,1,1,0,0,23
23/01/2016,0,0,0,0,0,2,0,0,0,1,0,0,0,0,1,5,1,0,0,0,1,1,0,0,0,0,0,0,1,0,0,0,13
24/01/2016,0,0,0,0,0,0,0,1,0,0,0,1,0,1,1,1,1,0,0,0,0,2,0,0,0,0,0,0,0,0,0,1,9
25/01/2016,3,1,0,1,0,0,0,0,1,0,0,3,0,0,0,0,0,1,0,0,2,2,0,0,1,1,0,1,2,0,2,0,21
26/01/2016,0,1,0,0,0,1,1,1,0,1,1,9,0,0,0,2,0,0,0,0,0,2,0,0,3,1,0,1,1,0,0,0,25
27/01/2016,0,0,2,0,0,3,1,2,2,0,1,8,0,2,0,6,1,0,0,1,2,3,1,0,1,1,0,1,2,0,0,1,41
28/01/2016,1,1,0,0,0,0,0,0,1,1,0,3,0,2,3,0,1,1,2,0,0,1,0,1,2,0,0,0,2,0,0,1,23
29/01/2016,3,1,0,0,0,1,0,1,0,0,0,4,0,1,3,2,5,0,0,0,0,0,0,1,1,0,1,1,2,1,0,1,29
30/01/2016,0,1,2,0,0,0,2,0,0,0,1,2,0,0,1,4,3,1,2,0,0,1,0,0,2,3,0,0,1,0,1,3,30
31/01/2016,0,0,0,0,0,2,0,1,1,0,0,1,0,0,0,3,0,1,0,0,1,1,1,0,0,0,0,0,1,0,1,2,16
01/02/2016,0,1,0,0,0,2,0,2,0,1,0,2,0,1,2,2,1,0,1,0,1,1,0,0,0,0,0,0,2,0,0,1,20
02/02/2016,0,5,0,1,0,0,0,0,1,0,0,0,0,0,2,3,1,0,1,0,1,0,0,0,1,0,0,0,3,1,1,0,21
03/02/2016,1,0,1,1,0,0,1,0,0,0,2,6,0,0,1,3,1,1,0,0,0,1,0,0,3,0,0,0,3,1,2,1,29
04/02/2016,0,1,0,0,0,2,0,0,1,0,0,5,0,0,1,4,2,0,0,0,0,1,0,1,2,0,0,2,1,1,0,2,26
05/02/2016,1,1,1,2,0,2,0,0,0,0,0,4,0,0,1,13,1,2,0,0,1,3,0,0,0,1,0,0,2,0,0,0,35
06/02/2016,0,4,0,1,1,0,1,1,0,0,0,3,0,2,1,0,3,1,2,0,2,2,0,0,4,1,0,1,1,1,1,0,33
07/02/2016,1,2,1,0,0,0,0,0,0,0,1,1,0,0,2,3,1,0,0,0,0,1,0,1,0,0,0,0,0,0,2,1,17
08/02/2016,0,3,0,1,1,2,1,1,0,0,1,4,0,0,0,6,2,0,0,0,0,1,0,2,1,0,0,0,3,0,0,0,29
09/02/2016,0,3,0,0,0,0,0,0,0,1,0,4,0,1,2,8,2,0,0,0,1,1,0,0,1,0,0,0,1,1,2,0,28
10/02/2016,2,1,1,1,0,4,0,0,0,1,0,4,0,1,0,4,1,0,0,0,2,1,0,1,0,0,0,4,3,0,0,2,33
11/02/2016,1,1,0,2,0,1,0,0,0,0,2,6,0,0,2,2,1,4,0,0,0,3,0,0,1,1,0,3,1,0,1,2,34
12/02/2016,0,3,1,0,0,2,1,1,0,3,1,5,0,0,3,8,2,0,0,0,0,3,0,1,2,0,0,0,2,0,0,2,40
13/02/2016,1,0,0,0,0,2,1,0,0,2,0,1,0,1,3,4,0,0,0,0,0,2,0,1,0,1,0,0,0,1,0,1,21
14/02/2016,0,1,0,2,0,0,0,0,1,0,0,1,0,0,1,5,2,1,0,0,1,2,0,0,0,0,0,0,1,0,0,1,19
15/02/2016,0,0,1,1,0,2,0,1,0,0,2,5,0,0,0,4,0,0,0,0,2,0,0,1,1,0,0,3,2,0,0,0,25
16/02/2016,1,1,1,0,0,1,1,0,1,1,0,4,0,0,2,8,0,0,2,0,0,0,0,0,0,1,0,1,0,0,1,0,26
17/02/2016,1,2,1,0,0,0,0,1,0,0,0,2,0,2,4,3,1,0,1,0,0,1,0,0,2,0,0,2,2,0,1,1,27
18/02/2016,2,1,0,0,0,2,0,0,1,2,0,4,1,2,0,2,1,0,1,0,0,1,1,0,0,0,0,0,1,2,0,0,24
19/02/2016,1,3,1,0,0,0,0,0,0,0,0,2,0,0,0,4,2,0,0,0,1,0,0,0,1,1,0,1,2,0,0,1,20
20/02/2016,0,1,0,0,0,0,1,0,1,0,0,0,0,0,2,0,1,0,0,0,0,1,0,0,1,0,0,0,0,0,1,1,10
21/02/2016,0,1,2,0,0,0,1,0,0,0,0,0,1,0,0,3,2,1,0,0,1,1,0,0,0,0,0,1,1,2,0,2,19
22/02/2016,0,1,0,0,0,2,0,1,0,0,0,2,0,1,2,5,1,0,0,0,0,2,0,0,0,1,0,0,2,0,0,3,23
23/02/2016,1,1,2,0,0,1,0,0,0,1,1,1,0,1,2,8,1,1,0,0,0,2,0,0,2,0,0,0,2,0,2,1,30
24/02/2016,1,1,0,0,0,1,0,0,0,0,0,4,0,0,0,6,2,0,2,1,1,4,0,2,0,0,0,0,0,1,1,0,27
25/02/2016,0,3,0,1,0,1,0,0,0,1,1,0,1,1,1,2,0,0,2,1,0,1,0,0,0,0,0,0,0,0,1,1,18
26/02/2016,0,1,0,0,0,1,0,2,0,1,1,4,0,1,1,4,1,0,0,0,0,1,0,1,1,0,0,2,1,0,1,1,25
27/02/2016,1,1,1,0,0,0,0,0,0,0,1,3,0,0,2,4,1,0,0,0,0,1,0,0,1,0,0,0,1,1,0,0,18
28/02/2016,0,0,0,1,0,1,1,0,0,0,0,1,0,1,0,0,0,0,0,1,0,1,0,0,0,0,0,0,1,1,1,0,10
29/02/2016,0,0,2,1,0,0,0,2,0,0,0,6,0,1,0,4,0,0,0,0,1,1,0,0,2,1,0,1,0,0,0,0,22
01/03/2016,1,0,0,0,0,0,0,0,0,0,1,1,0,0,1,2,1,0,1,1,0,0,0,0,0,0,0,1,0,2,1,0,13
02/03/2016,0,1,0,1,0,0,1,0,0,0,0,3,0,0,0,4,3,1,0,0,2,1,0,0,0,1,0,1,2,1,1,2,25
03/03/2016,0,2,0,0,0,1,0,1,0,2,2,6,0,0,2,5,1,0,0,1,1,0,0,0,2,0,0,1,2,0,0,0,29
04/03/2016,1,1,1,0,0,1,1,0,0,0,0,3,0,3,0,4,0,0,2,0,1,6,0,1,0,0,0,0,4,1,1,2,33
05/03/2016,0,1,0,0,1,1,0,0,0,0,0,2,0,2,1,7,1,0,0,0,0,1,0,1,1,0,0,0,1,0,1,0,21
06/03/2016,2,1,0,0,0,0,0,0,1,0,0,1,0,1,1,4,0,1,0,0,0,1,1,1,0,0,0,0,1,0,0,1,17
07/03/2016,1,0,0,0,0,1,2,0,0,3,0,7,0,0,3,2,0,0,0,1,0,2,0,0,2,1,0,0,2,0,0,2,29
08/03/2016,0,1,0,0,1,0,0,0,0,1,0,2,0,0,0,3,0,0,0,0,0,0,0,1,1,1,0,0,1,0,1,0,13
09/03/2016,0,0,1,0,0,0,0,0,0,0,0,4,0,0,1,4,0,1,0,0,1,1,0,1,0,0,0,3,0,2,1,1,21
10/03/2016,0,1,0,0,0,1,1,1,0,0,0,1,0,0,1,2,0,0,0,0,1,4,0,1,2,0,0,1,1,1,0,0,19
11/03/2016,0,0,1,0,0,1,0,0,0,0,0,6,0,1,0,4,1,0,1,0,1,2,0,0,0,0,0,0,1,1,0,4,24
12/03/2016,1,1,0,0,0,0,0,0,0,1,0,1,0,0,0,5,2,1,0,0,0,1,0,0,2,0,0,0,2,0,0,0,17
13/03/2016,0,0,1,0,0,0,1,0,1,0,0,2,0,0,0,0,1,0,2,0,1,1,0,0,1,1,0,1,0,1,1,0,15
14/03/2016,1,1,0,0,0,2,0,2,1,0,0,3,0,1,1,6,1,1,0,0,0,5,0,0,1,2,1,1,1,2,1,0,34
15/03/2016,0,0,1,0,0,0,0,0,1,0,0,2,1,1,4,7,2,0,2,0,1,0,0,0,0,0,1,1,1,0,0,2,27
16/03/2016,0,0,0,0,1,0,0,0,1,1,0,3,0,0,0,5,1,0,0,0,0,1,0,0,2,1,0,0,2,1,0,0,19
17/03/2016,1,0,0,0,1,1,0,0,0,0,0,3,0,3,1,3,0,2,0,1,0,1,0,1,1,0,0,1,0,0,1,0,21
18/03/2016,0,0,0,0,0,0,0,3,2,1,0,2,0,1,0,5,2,0,0,0,1,3,0,1,0,0,0,2,1,0,0,0,24
19/03/2016,0,0,1,1,1,1,1,0,0,0,0,2,0,2,1,8,1,0,0,0,0,2,0,2,0,0,0,1,2,0,1,0,27
20/03/2016,0,0,0,1,0,0,0,1,0,1,0,2,0,0,2,4,0,0,0,1,0,1,0,0,1,0,0,0,2,2,0,0,18
21/03/2016,0,3,0,0,0,1,0,0,0,0,0,2,0,1,1,1,0,1,0,0,2,0,0,0,1,0,0,1,5,0,0,0,19
22/03/2016,0,0,0,0,0,0,0,0,0,1,0,1,0,0,3,5,1,0,1,0,0,1,0,0,1,0,0,1,0,1,0,1,17
23/03/2016,1,1,1,0,0,1,0,0,0,0,2,4,0,2,2,3,0,0,0,1,0,0,0,0,3,0,0,0,1,1,1,0,24
24/03/2016,1,0,0,0,0,0,0,0,0,0,1,5,0,0,1,7,1,0,0,0,0,5,0,0,2,0,0,0,2,0,0,2,27
25/03/2016,0,0,0,0,0,0,0,1,2,0,0,3,0,1,1,1,2,0,0,0,0,1,0,0,0,2,0,0,0,1,0,3,18
26/03/2016,0,0,0,0,0,0,0,2,0,0,0,5,0,0,2,2,1,0,0,0,1,0,0,1,0,0,0,1,0,0,1,2,18
27/03/2016,1,2,0,1,0,7,0,0,0,0,0,0,0,0,1,4,1,0,0,0,0,2,0,0,1,0,0,1,0,0,0,0,21
28/03/2016,0,1,1,0,0,2,0,0,0,1,0,1,0,1,1,3,0,0,0,0,0,2,0,0,0,0,0,1,1,0,0,1,16
29/03/2016,0,1,1,0,0,1,1,0,1,0,1,1,0,0,0,4,1,0,0,0,0,1,0,0,0,0,0,1,2,1,1,2,20
30/03/2016,0,1,0,0,0,0,0,1,0,1,1,0,0,1,1,4,2,2,1,0,0,2,0,1,1,0,0,1,3,0,0,1,24
31/03/2016,0,1,0,0,1,0,0,1,0,0,0,3,0,0,1,2,1,0,1,1,3,1,0,2,1,2,1,1,0,0,0,3,26
01/04/2016,0,0,0,0,0,1,0,0,0,0,1,2,0,0,1,2,0,0,0,0,1,0,0,0,2,1,0,1,3,0,1,0,16
02/04/2016,0,0,0,0,0,0,0,1,0,0,0,5,0,0,0,3,2,0,0,0,1,2,0,1,1,0,0,0,1,0,0,0,17
03/04/2016,0,2,0,0,0,0,0,0,0,1,0,3,0,0,3,3,1,0,0,0,0,1,0,0,0,0,0,1,1,0,0,1,17
04/04/2016,2,0,1,0,0,3,0,1,1,0,0,4,0,0,2,1,0,0,1,0,2,4,0,1,2,0,0,1,1,0,0,0,27
05/04/2016,0,0,0,1,0,0,0,0,0,0,0,0,0,3,1,3,0,0,0,0,1,2,0,1,1,1,0,1,0,0,1,1,17
06/04/2016,0,2,0,2,0,1,0,1,1,0,0,5,0,0,0,3,0,0,1,0,0,2,0,0,1,1,0,0,1,0,0,1,22
07/04/2016,0,0,1,0,0,1,0,0,0,1,0,4,0,0,1,8,0,0,1,1,2,3,0,1,1,1,0,1,0,0,0,4,31
08/04/2016,0,1,0,0,1,2,0,1,0,0,0,3,0,1,0,0,1,0,0,1,0,1,0,0,0,0,0,0,1,0,0,1,14
09/04/2016,2,0,1,0,0,0,0,0,0,0,1,1,0,1,0,1,1,0,1,0,0,0,0,0,0,0,0,0,0,0,0,1,10
10/04/2016,0,1,0,0,0,2,1,0,0,0,1,1,0,0,1,3,0,1,0,0,0,0,0,0,1,0,0,0,0,1,0,0,13
11/04/2016,0,1,0,0,0,0,0,0,1,1,0,2,0,0,1,5,0,1,0,1,0,0,0,1,2,0,0,0,1,0,0,1,18
12/04/2016,2,2,0,1,0,0,1,2,1,0,1,4,0,1,1,4,1,1,0,0,0,0,0,1,0,0,2,0,0,0,0,0,25
13/04/2016,1,1,1,0,0,1,1,0,0,1,0,1,0,0,0,1,0,0,0,0,0,0,0,0,1,2,0,0,2,0,0,1,14
14/04/2016,1,1,0,0,0,1,0,0,0,0,1,2,0,2,1,3,2,0,0,0,0,0,0,0,0,0,0,1,0,1,0,0,16
15/04/2016,1,0,0,0,1,1,0,0,0,0,0,4,0,2,0,3,1,0,0,0,1,3,0,0,0,1,0,1,1,1,0,1,22
16/04/2016,1,1,0,2,0,1,0,0,0,0,0,3,0,0,0,3,2,0,0,0,0,0,0,0,1,0,0,0,0,0,0,2,16
17/04/2016,0,0,1,1,1,0,0,0,0,1,0,1,0,0,0,7,0,0,0,0,0,0,0,2,0,0,0,0,0,0,0,0,14
18/04/2016,0,1,1,0,0,1,0,1,0,0,0,4,0,1,1,2,1,0,0,1,0,3,0,0,1,1,0,0,2,0,0,2,23
19/04/2016,0,1,0,0,0,1,2,1,0,0,0,2,0,0,5,9,0,2,0,1,0,0,0,1,0,0,0,1,4,1,0,1,32
20/04/2016,1,1,0,0,0,0,2,0,2,0,0,9,0,0,3,6,2,0,1,1,1,1,0,0,1,2,0,0,1,1,1,0,36
21/04/2016,0,3,0,0,0,2,0,0,0,0,1,3,0,1,1,6,0,0,0,0,1,0,0,0,0,0,1,1,6,1,0,1,28
22/04/2016,1,1,1,0,0,1,0,1,0,0,0,3,0,1,4,2,2,0,0,1,1,1,0,0,3,1,0,0,0,1,1,0,26
23/04/2016,1,0,0,0,1,0,0,1,1,0,0,2,0,1,0,2,3,0,0,0,0,0,1,1,3,1,0,0,0,0,1,1,20
24/04/2016,0,1,0,0,0,1,0,1,0,0,0,3,0,0,5,0,1,0,0,0,0,0,0,1,1,0,0,0,2,0,0,0,16
25/04/2016,0,1,0,1,0,0,0,2,0,0,0,2,0,1,5,4,1,0,1,0,0,1,0,1,0,0,0,1,1,0,0,1,23
26/04/2016,1,0,0,1,0,0,0,0,0,0,1,1,0,0,2,2,0,0,0,1,1,3,0,0,0,2,0,0,2,0,1,2,20
27/04/2016,0,1,0,2,0,3,0,0,0,0,0,3,0,0,0,2,0,1,0,0,0,3,0,1,0,0,0,2,3,0,0,0,21
28/04/2016,0,1,0,2,1,1,0,0,1,0,0,0,0,0,2,6,0,1,0,2,0,0,0,1,1,2,0,0,0,0,0,0,21
29/04/2016,0,3,0,0,0,0,0,0,0,0,1,3,0,0,2,2,0,0,2,0,1,3,0,1,4,2,0,2,2,1,0,1,30
30/04/2016,1,3,0,0,0,0,1,0,0,3,1,2,0,0,0,3,3,2,0,0,0,6,0,0,1,1,0,1,0,1,1,3,33
01/05/2016,2,0,0,0,1,0,0,5,0,1,0,3,0,0,1,3,1,0,1,1,0,0,0,0,0,1,0,0,0,1,0,1,22
02/05/2016,0,2,0,1,0,0,0,0,0,1,0,1,1,0,0,6,0,0,0,0,2,0,0,0,0,0,0,0,0,1,0,0,15
03/05/2016,0,0,0,0,1,1,1,0,0,0,1,8,0,1,2,4,1,0,0,0,2,2,0,2,3,0,0,1,1,0,0,3,34
04/05/2016,1,0,0,1,0,0,0,0,0,0,0,2,0,1,1,6,2,0,1,0,0,2,0,0,1,0,0,0,1,0,1,0,20
05/05/2016,1,1,0,0,0,1,1,0,0,0,0,2,0,2,2,7,0,0,0,0,0,1,0,2,1,0,1,1,1,1,1,0,26
06/05/2016,2,3,0,1,0,0,0,1,0,1,0,6,0,0,1,1,3,0,3,0,2,0,0,0,0,0,0,2,0,0,1,0,27
07/05/2016,0,0,0,1,0,0,0,0,0,0,1,1,0,0,0,3,1,0,0,0,0,4,0,1,2,0,0,1,0,0,0,1,16
08/05/2016,0,2,0,0,0,0,0,1,0,2,0,2,0,0,0,2,0,1,1,0,2,1,0,0,0,1,0,0,2,2,0,1,20
09/05/2016,0,0,0,1,0,0,0,2,2,0,1,6,0,0,2,4,1,0,0,0,1,4,0,0,1,0,0,1,1,1,1,4,33
10/05/2016,1,0,1,2,0,0,0,0,0,0,0,4,0,2,1,9,0,0,2,0,0,2,0,0,2,0,0,1,1,0,1,0,29
11/05/2016,0,0,1,2,0,3,0,1,0,2,0,7,0,2,0,2,0,1,1,0,1,0,0,1,1,0,0,1,2,0,1,1,30
12/05/2016,0,1,0,0,1,0,1,0,0,0,0,3,0,0,1,3,2,0,0,0,0,1,0,0,1,1,0,1,3,0,1,0,20
13/05/2016,0,0,0,0,0,1,1,0,0,0,0,4,0,0,0,8,3,0,0,1,1,0,1,1,0,1,0,0,2,0,0,0,24
14/05/2016,0,3,0,3,0,0,0,0,1,1,0,3,0,0,0,5,0,0,0,0,0,1,0,1,1,0,0,1,2,1,0,3,26
15/05/2016,1,0,1,1,0,1,0,1,0,0,0,0,0,0,2,4,1,1,0,0,0,0,0,0,0,0,0,0,2,0,0,2,17
16/05/2016,0,1,1,0,0,1,0,0,0,0,0,2,0,1,3,4,0,0,1,0,0,1,0,0,2,0,0,0,3,0,0,0,20
17/05/2016,0,0,0,0,2,0,0,0,0,0,0,4,0,0,1,3,0,0,0,0,0,0,0,1,0,0,0,1,2,0,0,0,14
18/05/2016,1,1,0,0,0,0,0,0,0,0,0,5,0,1,1,8,0,0,0,1,1,1,0,0,0,1,0,0,1,2,0,1,25
19/05/2016,0,0,1,1,0,1,0,1,0,1,1,4,0,0,3,4,1,0,0,0,0,1,1,0,0,0,0,0,3,0,1,4,28
20/05/2016,1,0,0,3,0,0,0,2,0,1,1,6,0,3,0,5,1,1,0,0,3,1,0,1,1,1,0,1,0,0,1,2,35
21/05/2016,1,2,1,1,0,2,0,1,1,0,0,1,0,0,1,2,1,0,0,0,1,1,0,0,2,1,1,0,5,1,0,0,26
22/05/2016,0,2,0,0,1,1,0,0,1,0,0,1,0,1,1,2,1,0,1,0,1,2,0,1,0,3,0,0,3,0,0,0,22
23/05/2016,0,1,1,0,0,0,0,1,0,1,1,0,0,0,2,6,0,1,0,0,1,2,0,1,1,0,0,0,2,0,0,1,22
24/05/2016,0,0,0,1,0,1,0,0,0,0,0,3,0,0,1,5,0,0,0,0,2,0,0,1,1,1,0,0,1,0,0,0,17
25/05/2016,0,0,0,1,0,0,0,2,0,0,0,4,0,0,1,5,2,1,0,0,1,3,0,0,1,0,0,1,0,0,0,0,22
26/05/2016,0,2,0,0,0,0,0,1,1,0,0,6,0,0,1,2,1,0,2,0,0,1,0,0,0,0,0,0,1,0,1,1,20
27/05/2016,0,1,0,0,0,2,0,0,0,0,1,5,0,1,1,4,1,0,1,0,0,0,0,2,1,1,1,0,2,0,0,3,27
28/05/2016,0,1,0,1,0,1,0,0,1,0,0,1,0,1,2,2,2,1,1,1,0,1,1,1,0,0,0,1,2,1,0,0,22
29/05/2016,0,0,0,1,0,0,1,0,0,0,1,0,0,0,1,3,1,0,2,3,0,2,1,0,1,1,0,0,0,1,0,0,19
30/05/2016,2,2,0,0,0,1,0,0,0,1,0,7,0,0,0,2,2,0,0,0,1,0,0,2,0,0,0,2,0,1,0,1,24
31/05/2016,2,1,2,0,0,2,1,0,0,0,1,2,0,2,2,3,0,1,2,0,1,0,0,0,2,0,0,0,4,1,0,2,31
01/06/2016,2,0,2,1,0,0,0,2,0,1,0,3,0,0,4,5,1,0,1,0,0,4,0,0,0,0,0,1,3,2,1,0,33
02/06/2016,1,2,0,2,0,1,0,2,0,0,0,3,0,1,4,3,0,0,1,1,1,0,1,0,2,0,0,0,2,1,0,0,28
03/06/2016,0,1,1,1,0,0,1,2,0,1,0,1,0,0,2,7,0,0,1,0,2,2,0,0,1,0,0,1,2,1,1,1,29
04/06/2016,0,0,0,0,0,0,0,0,1,0,1,3,0,0,2,6,1,0,1,0,0,1,0,0,0,2,0,1,1,1,2,1,24
05/06/2016,0,1,0,0,1,1,1,1,1,0,1,0,0,0,2,4,2,0,1,0,1,4,0,2,1,0,0,0,1,0,0,1,26
06/06/2016,0,0,0,2,0,1,4,1,0,1,0,8,0,1,1,4,1,0,3,0,0,0,1,1,0,0,0,1,1,0,0,3,34
07/06/2016,2,1,0,1,1,0,0,0,0,0,0,5,0,1,2,3,0,1,0,0,0,2,0,1,0,0,0,2,1,0,0,0,23
08/06/2016,0,0,0,1,0,1,2,0,0,0,0,1,0,0,1,4,2,0,0,0,1,3,0,0,0,0,0,1,0,0,0,1,18
09/06/2016,0,0,0,0,0,0,0,0,0,2,1,3,0,1,0,1,1,0,0,0,1,2,0,0,1,1,0,0,0,0,1,1,16
10/06/2016,0,0,1,0,0,1,0,0,1,0,0,2,0,2,0,6,1,0,2,0,1,3,0,0,1,0,0,0,3,1,0,2,27
11/06/2016,0,3,0,0,0,0,0,2,0,0,0,2,1,0,2,2,3,0,1,0,0,0,0,1,0,1,0,0,1,0,0,0,19
12/06/2016,0,1,1,0,0,2,1,0,0,0,0,7,0,1,0,2,2,1,2,0,0,1,0,0,1,0,0,0,1,0,0,0,23
13/06/2016,2,2,0,1,0,1,1,5,0,0,1,1,0,0,1,0,1,0,0,0,0,2,0,2,1,2,0,0,1,0,0,0,24
14/06/2016,0,5,0,1,0,0,0,0,0,0,0,6,0,2,2,4,0,0,0,0,0,1,0,0,1,1,0,1,3,2,0,0,29
15/06/2016,0,2,0,1,0,1,3,0,0,0,0,4,1,1,1,1,3,0,1,0,0,0,0,0,2,1,0,0,0,0,0,2,24
16/06/2016,0,3,1,0,2,0,1,2,1,1,1,1,0,2,1,2,2,0,0,0,2,3,0,0,0,3,1,0,4,1,1,2,37
17/06/2016,1,2,1,0,0,0,0,1,0,0,0,4,0,2,0,7,1,0,0,0,0,4,0,0,2,4,0,0,1,0,2,1,33
18/06/2016,1,1,0,1,0,0,0,0,0,2,0,2,1,1,3,4,0,0,1,0,0,0,1,1,0,0,0,1,2,0,0,1,23
19/06/2016,0,1,0,2,0,1,0,0,0,0,0,0,0,0,1,2,2,0,1,0,1,3,0,0,1,0,0,0,0,1,0,0,16
20/06/2016,0,2,0,0,0,1,1,2,1,0,1,7,0,0,2,6,0,1,2,0,0,2,0,1,0,1,0,1,5,0,0,1,37
21/06/2016,1,0,0,0,1,1,0,0,0,0,0,1,0,0,0,1,3,0,1,0,1,2,0,0,0,0,0,1,1,0,0,0,14
22/06/2016,0,1,0,0,0,0,0,2,0,0,0,2,0,0,1,1,4,0,1,0,0,0,0,0,0,1,0,0,3,0,0,0,16
23/06/2016,0,1,0,2,0,1,0,0,1,1,0,2,1,0,1,2,2,0,1,0,0,1,0,0,0,0,0,0,1,0,0,0,17
24/06/2016,0,2,0,1,0,0,1,0,0,1,0,4,0,0,0,1,1,0,1,0,2,1,0,2,0,1,0,2,0,0,0,1,21
25/06/2016,1,1,1,0,0,0,0,0,0,0,0,3,0,1,0,6,2,1,2,3,1,1,1,0,0,2,0,1,1,0,0,0,28
26/06/2016,0,0,2,0,0,0,0,0,0,0,0,2,0,0,2,4,2,1,2,0,0,1,0,1,0,0,0,0,3,0,0,0,20
27/06/2016,1,0,1,0,0,0,0,1,0,0,0,2,0,0,0,2,3,1,0,2,0,0,0,0,2,2,0,0,1,1,0,1,20
28/06/2016,2,1,0,0,0,1,0,0,0,0,0,2,0,0,2,2,0,0,1,0,0,1,1,0,0,1,0,0,3,0,1,1,19
29/06/2016,0,0,0,0,0,0,0,0,0,0,0,6,0,1,0,4,2,0,0,0,1,3,0,1,2,2,0,1,1,0,0,1,25
30/06/2016,0,0,2,0,0,0,0,0,1,0,1,5,0,3,4,6,0,0,1,0,0,1,0,0,2,1,0,0,0,2,0,1,30
01/07/2016,0,2,0,2,0,0,0,1,1,0,0,5,0,0,0,0,4,1,0,0,0,1,0,1,0,0,0,0,0,1,0,1,20
02/07/2016,1,1,0,0,0,0,0,2,0,1,0,5,0,0,1,4,1,0,0,0,1,2,0,0,0,0,0,2,2,1,0,2,26
03/07/2016,0,1,0,0,0,0,0,1,1,0,0,1,0,1,0,1,0,0,1,0,1,1,0,1,0,0,0,1,5,1,0,0,17
04/07/2016,0,0,0,1,0,0,0,0,0,0,0,4,0,0,0,6,1,0,0,0,0,1,0,0,0,0,0,0,0,0,0,1,14
05/07/2016,1,2,0,0,0,1,2,0,0,2,0,1,0,0,2,2,2,0,0,0,1,0,0,0,1,0,0,0,1,0,0,0,18
06/07/2016,1,1,0,1,0,2,1,0,0,0,0,3,1,0,2,3,1,0,0,1,2,1,0,0,0,1,0,3,0,0,0,0,24
07/07/2016,1,1,0,0,0,4,0,0,0,0,0,4,0,0,0,5,0,0,0,0,2,1,0,1,0,0,0,0,2,0,2,0,23
08/07/2016,0,0,0,0,0,1,0,0,0,0,0,5,0,0,0,1,2,0,1,0,0,3,0,0,2,1,0,0,3,0,0,0,19
09/07/2016,2,1,0,0,0,1,0,0,0,0,0,1,0,0,1,1,2,0,0,0,2,2,0,1,1,0,0,1,1,0,0,0,17
10/07/2016,1,1,0,0,0,1,2,0,0,2,0,2,0,0,1,3,2,1,0,3,0,1,0,2,1,0,0,1,3,1,1,1,30
11/07/2016,0,0,1,0,0,1,1,0,0,2,0,4,1,1,2,2,0,0,0,0,0,0,0,1,1,1,0,2,4,1,0,0,25
12/07/2016,0,3,1,0,0,0,0,2,0,0,0,0,0,1,1,7,1,0,1,0,0,1,0,0,0,0,0,0,2,2,0,2,24
13/07/2016,2,0,0,0,0,0,0,0,0,0,0,4,0,0,1,5,1,0,0,1,0,0,0,1,1,1,0,1,0,1,0,0,19
14/07/2016,0,0,0,1,0,0,0,0,0,0,0,3,0,0,1,5,0,0,0,0,0,2,0,1,0,0,0,0,2,0,0,0,15
15/07/2016,0,0,0,1,0,0,1,0,0,0,0,3,0,1,0,6,1,0,1,0,0,2,0,1,2,1,0,1,1,0,0,1,23
16/07/2016,0,1,0,1,0,1,0,0,0,0,0,2,0,0,2,3,1,0,0,0,1,0,0,1,0,0,0,0,1,0,0,0,14
17/07/2016,0,1,1,1,0,3,0,1,0,0,0,0,0,1,0,3,2,0,0,1,2,0,0,2,1,2,0,0,1,0,0,2,24
18/07/2016,0,0,0,1,0,0,0,0,0,1,0,0,0,0,0,3,3,0,0,0,1,1,0,0,0,2,0,0,1,1,0,1,15
19/07/2016,0,2,0,2,0,0,0,1,0,0,1,3,0,0,0,6,1,1,0,0,0,2,0,0,1,1,0,0,2,0,0,1,24
20/07/2016,1,1,0,0,0,0,0,0,0,1,0,3,0,0,0,2,0,0,1,0,0,1,0,1,0,0,0,0,1,0,0,1,13
21/07/2016,2,1,0,1,0,4,0,1,0,0,1,5,0,1,2,4,1,0,0,1,1,0,0,0,3,3,0,0,1,0,0,4,36
22/07/2016,0,0,0,0,0,8,0,1,0,1,0,6,0,3,1,0,1,0,0,0,0,1,0,0,0,1,0,0,2,0,0,1,26
23/07/2016,0,1,0,0,0,2,1,0,0,0,0,5,0,0,0,4,1,0,0,0,0,0,1,1,2,2,0,0,1,1,0,1,23
24/07/2016,0,1,1,1,1,1,0,0,1,0,0,2,0,0,1,3,0,0,0,1,2,0,0,2,1,0,0,1,1,1,0,3,24
25/07/2016,0,1,0,1,0,1,1,0,0,1,0,1,0,0,0,2,2,0,0,0,0,2,0,0,2,0,0,0,1,2,0,2,19
26/07/2016,0,0,1,2,1,2,1,0,1,0,0,3,0,1,0,2,3,0,1,0,0,0,0,4,0,1,0,1,2,0,0,1,27
27/07/2016,1,0,0,0,1,0,0,0,1,0,0,5,0,1,3,2,1,0,0,0,0,0,0,0,1,1,0,0,4,2,0,0,23
28/07/2016,1,3,1,2,0,1,1,0,0,1,0,3,0,2,0,0,2,0,0,0,0,0,0,0,2,0,0,0,0,0,0,0,19
29/07/2016,0,2,0,0,1,1,1,0,1,1,0,5,0,0,0,0,2,2,0,1,0,0,0,0,0,1,0,0,0,1,0,0,19
30/07/2016,1,0,0,0,1,1,1,0,0,0,0,4,0,0,2,3,6,0,1,0,1,2,0,1,2,0,0,0,0,1,0,1,28
31/07/2016,0,3,1,0,1,3,0,0,1,0,0,3,0,2,2,3,1,0,0,0,0,2,0,0,0,0,0,0,2,1,0,2,27
01/08/2016,0,0,0,0,0,0,1,1,0,0,0,8,0,0,1,2,0,0,0,0,0,0,0,2,0,1,1,1,0,3,2,0,23
02/08/2016,2,1,0,1,0,1,1,0,0,1,0,0,0,0,2,3,1,1,0,0,0,1,0,0,1,0,0,1,3,0,0,0,20
03/08/2016,0,0,0,0,0,2,0,1,0,1,1,2,0,0,0,1,0,0,0,0,0,1,0,1,1,1,0,0,1,1,0,1,15
04/08/2016,0,1,0,0,0,0,0,2,0,1,0,3,0,0,1,4,0,0,1,0,0,2,0,2,0,0,0,1,2,2,0,1,23
05/08/2016,2,2,0,3,0,1,1,0,0,0,0,3,0,0,0,4,2,1,2,0,0,1,0,0,0,2,0,0,1,1,1,0,27
06/08/2016,1,0,0,1,1,2,1,0,0,0,2,4,0,0,1,2,0,1,0,0,0,1,0,0,0,0,0,0,3,3,0,0,23
07/08/2016,0,0,0,1,0,2,0,1,0,0,0,1,0,0,1,2,1,0,0,0,1,0,0,0,0,1,0,1,2,1,1,1,17
08/08/2016,0,1,0,1,0,1,0,0,0,0,0,2,0,0,0,4,1,1,0,0,0,0,0,1,2,0,0,0,0,1,1,1,17
09/08/2016,1,0,1,0,0,0,2,1,1,0,0,2,0,0,3,4,3,1,0,1,0,2,0,0,0,0,1,0,0,0,2,0,25
10/08/2016,1,0,1,1,0,1,2,0,0,0,0,6,0,1,1,2,0,0,0,0,2,3,1,2,1,1,0,1,1,0,0,1,29
11/08/2016,0,3,0,0,0,1,0,0,0,1,1,9,0,0,2,1,0,0,0,0,1,0,0,1,1,5,0,0,3,0,1,0,30
12/08/2016,1,1,0,1,1,2,1,0,0,0,0,5,0,0,1,4,1,0,0,1,0,0,0,0,0,3,0,0,0,1,0,4,27
13/08/2016,2,1,1,1,0,0,1,0,0,0,0,5,0,0,3,3,3,0,0,0,0,1,0,1,3,1,0,0,1,1,0,1,29
14/08/2016,0,2,0,0,0,0,0,1,0,0,0,0,0,1,0,1,2,1,0,0,0,0,0,0,0,1,0,0,0,1,1,1,12
15/08/2016,1,0,0,2,2,3,0,0,1,0,0,4,0,0,3,5,2,1,0,0,0,0,0,1,0,0,0,0,0,0,0,0,25
16/08/2016,1,0,0,0,0,3,0,0,0,0,1,5,0,0,2,2,4,3,2,0,0,0,0,1,1,0,0,3,2,0,0,0,30
17/08/2016,1,0,0,0,1,1,2,1,0,4,0,6,0,0,2,4,1,1,1,0,1,0,0,1,1,0,0,0,1,0,0,2,31
18/08/2016,0,1,0,0,0,0,2,3,0,0,0,1,0,1,1,4,2,1,1,0,0,5,0,0,1,0,0,0,2,0,0,0,25
19/08/2016,0,2,0,0,0,0,0,0,0,0,1,3,0,0,2,3,2,0,0,0,1,3,0,1,1,1,0,2,1,1,0,1,25
20/08/2016,2,2,1,0,0,0,0,0,0,0,0,2,0,3,2,3,0,0,0,0,2,2,1,0,0,2,0,1,0,1,0,2,26
21/08/2016,1,0,0,2,0,0,0,0,1,1,0,4,0,1,1,0,1,0,1,0,0,1,0,1,0,3,1,0,0,1,0,0,20
22/08/2016,1,1,1,1,0,0,0,0,1,1,1,4,0,2,0,1,1,0,1,1,0,1,0,0,0,1,0,1,1,2,1,2,26
23/08/2016,0,1,0,1,0,0,1,0,0,0,0,3,0,2,3,1,0,0,0,0,0,1,0,0,0,0,0,0,0,1,0,1,15
24/08/2016,0,3,1,0,0,1,1,1,0,1,0,5,0,1,3,4,3,2,0,1,0,1,0,1,1,0,0,1,0,0,0,0,31
25/08/2016,0,0,0,1,0,1,0,1,0,3,1,0,0,0,1,2,0,0,1,0,0,3,0,0,2,1,1,1,1,0,0,0,20
26/08/2016,0,1,1,1,0,0,1,0,0,0,1,5,0,0,2,6,0,0,3,0,0,3,0,0,3,0,1,2,0,2,1,3,36
27/08/2016,0,3,0,0,0,0,0,1,0,2,0,2,0,1,0,2,2,0,1,0,0,2,0,0,1,1,0,2,1,0,0,1,22
28/08/2016,0,1,0,0,0,0,0,0,0,0,0,3,1,0,2,4,0,0,0,0,0,2,0,0,1,0,0,0,0,0,0,0,14
29/08/2016,2,1,0,0,0,0,0,2,0,1,0,3,0,1,1,2,2,0,0,0,1,2,0,0,1,1,0,0,0,1,0,1,22
30/08/2016,0,0,0,3,0,0,1,0,0,1,0,1,0,1,2,3,0,0,2,2,2,0,0,0,1,0,0,1,1,1,0,3,25
31/08/2016,1,0,0,3,1,1,0,0,0,0,0,4,0,0,4,1,5,1,0,0,0,0,0,1,0,0,0,0,3,0,0,1,26
01/09/2016,2,0,0,2,1,0,0,1,0,1,0,4,0,1,3,0,2,0,1,2,2,0,0,0,0,0,0,2,3,1,0,1,29
02/09/2016,1,1,0,2,2,0,0,0,0,1,0,5,0,3,1,3,5,0,0,0,1,0,0,0,0,0,0,1,0,1,0,1,28
03/09/2016,0,1,0,0,1,1,0,1,1,1,0,4,0,0,1,3,1,0,0,0,0,0,0,0,1,1,0,3,0,0,1,0,21
04/09/2016,0,0,0,0,0,0,1,1,0,1,0,1,0,1,3,3,1,1,0,0,1,1,0,4,1,1,0,2,4,0,1,0,28
05/09/2016,2,1,0,0,0,1,0,1,0,0,0,2,0,2,0,4,0,1,0,1,0,3,0,1,0,1,0,0,2,1,0,0,23
06/09/2016,0,1,0,0,0,0,1,0,0,0,0,4,0,4,1,6,3,0,0,0,2,2,0,0,0,0,0,1,6,0,0,2,33
07/09/2016,0,1,2,1,0,0,1,0,1,1,0,5,0,0,1,2,0,1,0,1,1,2,0,0,0,0,0,0,1,0,0,0,21
08/09/2016,0,5,0,2,0,0,0,0,1,0,0,4,0,0,1,4,3,1,0,1,0,1,0,0,2,1,0,0,0,0,0,0,26
09/09/2016,0,2,0,1,0,0,0,3,0,1,0,4,0,1,1,2,1,0,0,0,0,3,0,0,1,0,0,0,2,0,1,1,24
10/09/2016,0,0,0,1,0,1,0,0,2,0,0,1,1,1,2,0,2,0,0,0,0,4,0,0,1,0,0,0,3,1,1,0,21
11/09/2016,0,1,0,1,0,0,0,0,1,0,0,2,0,1,4,2,1,1,1,0,0,1,0,0,0,1,0,0,1,0,1,0,19
12/09/2016,1,1,0,0,0,0,0,0,0,0,0,6,1,0,0,5,2,0,1,0,0,2,0,0,1,1,0,1,0,0,0,0,22
13/09/2016,0,1,0,1,0,1,1,0,0,0,1,5,0,2,2,3,1,1,0,0,0,2,0,1,1,0,0,0,0,0,0,0,23
14/09/2016,1,0,0,0,0,0,0,1,0,0,0,7,0,1,0,6,1,0,1,0,0,0,0,3,1,1,0,0,0,0,1,0,24
15/09/2016,1,0,1,0,0,0,0,0,0,0,1,2,0,0,3,3,1,3,2,0,1,1,0,1,1,1,0,2,1,0,0,0,25
16/09/2016,0,1,1,0,0,0,0,0,1,2,0,0,1,1,1,2,1,0,1,0,0,2,0,1,1,0,0,0,1,3,1,2,23
17/09/2016,0,0,0,0,0,0,0,0,0,1,1,5,0,1,0,2,0,1,0,0,1,1,0,0,0,1,0,0,2,0,0,1,17
18/09/2016,1,2,0,0,0,0,0,1,1,0,0,2,0,0,0,0,0,0,0,0,0,1,0,0,1,2,0,0,0,1,0,0,12
19/09/2016,0,2,0,0,1,1,0,1,0,0,0,4,1,2,1,4,2,0,1,0,0,3,0,0,0,1,0,1,3,2,1,0,31
20/09/2016,0,1,0,0,0,2,0,1,0,0,0,2,0,0,1,3,1,0,0,0,0,3,0,0,0,1,0,0,0,0,1,0,16
21/09/2016,1,0,0,0,1,0,1,1,1,0,1,3,1,1,0,1,1,1,0,0,0,3,0,0,2,0,0,1,0,0,1,1,22
22/09/2016,0,2,1,0,0,0,1,0,0,0,1,9,0,1,0,9,1,1,1,0,0,1,0,0,0,0,0,0,0,1,2,4,35
23/09/2016,3,1,0,0,0,0,0,1,0,0,0,4,1,1,1,4,2,0,2,0,0,1,0,0,1,0,0,0,2,0,1,1,26
24/09/2016,0,1,1,0,0,0,0,0,1,0,0,2,0,1,0,4,0,0,0,0,0,2,0,0,0,0,0,1,1,1,1,3,19
25/09/2016,0,1,0,1,1,1,1,0,0,0,0,2,0,1,1,0,3,1,1,0,0,0,0,0,0,0,0,0,0,1,0,0,15
26/09/2016,1,1,0,1,0,0,0,0,0,0,0,3,0,0,3,1,4,1,0,0,0,0,0,0,2,0,0,0,0,2,0,1,20
27/09/2016,1,1,1,0,0,0,0,0,0,0,1,5,0,0,0,1,3,0,1,0,0,1,0,0,2,0,0,1,0,3,0,0,21
28/09/2016,0,1,0,1,0,2,2,0,0,0,0,2,0,3,0,2,1,0,1,0,1,2,0,1,0,0,0,0,2,0,0,0,21
29/09/2016,0,1,0,1,0,0,1,1,0,0,1,5,1,0,0,5,1,1,1,0,1,3,0,0,1,0,0,0,0,2,0,1,27
30/09/2016,1,0,0,2,0,2,0,0,0,0,0,2,0,0,0,6,1,0,1,0,0,2,0,5,0,1,0,2,2,0,0,0,27
01/10/2016,0,1,1,0,0,3,0,1,0,1,1,3,0,1,1,1,1,0,0,0,2,2,0,0,1,1,0,0,2,1,0,0,24
02/10/2016,0,0,0,1,1,0,0,0,0,1,1,2,0,0,0,1,1,0,2,0,1,5,0,0,1,3,1,1,2,1,0,0,25
03/10/2016,2,0,0,0,2,0,0,1,1,1,0,8,0,0,1,4,2,2,0,0,0,1,0,0,0,0,0,0,2,0,1,1,29
04/10/2016,0,2,0,0,0,0,0,0,0,0,0,4,0,0,1,5,0,0,0,0,0,3,0,0,1,0,0,2,3,1,0,2,24
05/10/2016,1,0,0,1,0,0,0,1,0,0,1,3,1,0,2,1,0,0,2,0,1,1,0,2,1,2,0,0,1,0,1,1,23
06/10/2016,0,0,0,2,0,1,0,1,0,1,0,4,0,0,1,4,1,0,1,0,1,2,0,0,2,0,0,0,1,0,1,1,24
07/10/2016,1,0,0,0,0,0,0,0,1,0,0,5,0,0,2,4,0,0,1,0,0,1,0,0,0,0,0,0,0,0,0,2,17
08/10/2016,1,3,0,0,0,1,0,0,0,1,0,4,0,1,1,4,0,0,1,0,1,1,0,1,2,1,0,1,4,0,0,0,28
09/10/2016,2,0,0,0,0,1,0,0,0,0,0,1,0,1,1,1,0,0,0,0,1,3,0,2,0,2,0,0,0,0,0,0,15
10/10/2016,1,1,0,2,0,0,1,0,1,0,1,0,0,0,5,1,0,0,0,0,0,1,1,0,1,0,0,2,0,0,0,0,18
11/10/2016,0,0,0,0,1,0,0,0,0,0,0,4,0,0,0,1,1,0,2,1,0,0,0,0,0,0,0,0,0,1,1,2,14
12/10/2016,0,0,0,1,0,0,0,0,0,0,0,3,0,0,0,2,0,2,0,0,0,3,0,0,1,1,0,0,2,0,0,1,16
13/10/2016,2,6,0,2,0,0,0,0,0,1,0,2,0,1,1,5,0,0,0,0,0,1,0,2,1,0,0,2,1,1,0,0,28
14/10/2016,0,1,1,0,1,2,0,1,0,1,0,8,0,0,3,6,0,0,2,0,0,3,1,0,1,1,0,2,0,0,0,0,34
15/10/2016,0,2,1,1,0,0,0,0,1,0,1,1,0,1,2,3,1,0,1,0,1,4,0,0,1,1,0,0,0,0,1,4,27
16/10/2016,0,0,0,1,0,0,0,1,1,0,1,0,0,0,1,5,2,1,1,2,0,2,0,0,0,1,0,1,0,1,0,1,22
17/10/2016,1,1,0,1,0,2,1,0,0,1,1,3,0,0,0,3,0,1,0,0,0,0,0,0,1,0,0,1,1,0,1,0,19
18/10/2016,2,0,0,1,0,0,1,0,0,1,0,3,0,2,1,5,3,1,0,0,0,0,0,0,0,2,0,0,0,0,0,2,24
19/10/2016,0,0,0,1,0,1,3,2,1,0,0,3,0,2,1,5,1,0,1,1,1,2,0,1,2,1,0,0,2,0,0,0,31
20/10/2016,0,0,1,0,0,0,1,0,1,0,0,1,0,0,1,2,1,0,0,2,1,2,0,0,2,0,0,1,0,1,2,2,21
21/10/2016,0,0,0,0,0,1,0,0,0,0,0,1,0,0,0,4,1,0,0,1,0,1,0,0,0,0,0,0,1,0,0,2,12
22/10/2016,0,0,0,1,0,1,0,0,0,0,0,7,0,1,0,5,2,0,0,0,0,2,0,0,0,2,0,0,0,0,0,0,21
23/10/2016,0,0,0,0,0,0,1,0,0,0,0,2,0,0,3,4,1,1,0,0,0,1,0,0,0,0,0,0,0,0,0,1,14
24/10/2016,1,0,0,1,0,1,0,0,0,0,2,4,0,0,0,0,0,0,1,0,0,0,0,1,1,1,0,0,2,0,0,1,16
25/10/2016,0,1,0,0,0,0,0,2,0,1,0,4,0,1,0,5,1,1,0,0,1,0,0,1,2,0,0,0,2,0,0,1,23
26/10/2016,0,1,0,0,3,3,0,1,0,0,0,8,0,0,1,6,2,0,0,1,3,2,0,0,0,1,0,1,0,1,1,3,38
27/10/2016,0,2,1,0,0,3,0,0,0,0,0,1,0,2,1,1,2,1,0,0,0,1,0,0,0,0,0,0,0,0,0,0,15
28/10/2016,0,2,0,0,1,1,0,0,0,0,0,1,0,0,2,4,0,1,2,0,0,1,0,0,1,0,0,1,0,2,0,2,21
29/10/2016,0,1,2,0,0,2,0,0,0,0,0,2,0,0,2,4,1,0,0,0,1,1,0,0,0,0,0,1,1,1,0,2,21
30/10/2016,1,0,0,0,0,0,0,1,0,0,0,6,0,0,3,3,0,0,0,0,2,0,0,0,0,0,1,0,2,0,0,0,19
31/10/2016,0,0,0,0,1,1,1,1,0,1,0,3,0,0,1,2,2,0,0,0,1,4,0,0,0,1,0,0,0,0,1,5,25
01/11/2016,2,1,0,0,1,1,1,1,0,1,0,6,0,1,3,3,2,0,1,0,0,1,0,0,0,0,0,1,2,0,0,1,29
02/11/2016,0,0,0,1,0,1,0,0,0,0,0,4,0,1,1,3,0,0,0,0,0,0,0,0,2,0,0,0,0,1,0,2,16
03/11/2016,1,2,1,1,1,0,0,1,1,0,0,4,1,1,0,8,1,0,0,0,1,3,0,0,0,0,1,0,2,1,1,0,32
04/11/2016,0,0,1,1,0,0,1,0,0,1,0,3,0,1,0,5,0,0,1,0,1,4,0,2,1,0,0,0,1,1,1,3,28
05/11/2016,0,1,0,0,0,1,0,1,0,1,0,4,0,0,3,3,1,0,0,0,1,1,0,0,2,1,1,0,4,0,0,0,25
06/11/2016,0,2,0,0,0,0,0,0,0,0,0,1,0,2,1,4,0,0,0,0,0,2,0,2,1,1,0,0,0,0,0,0,16
07/11/2016,0,2,0,1,0,0,0,2,0,0,0,5,0,0,2,4,1,0,0,0,1,3,0,0,1,1,0,1,3,1,0,0,28
08/11/2016,0,0,0,0,0,0,2,1,1,1,0,1,0,2,2,6,1,1,1,0,0,3,0,1,0,0,0,0,0,0,0,1,24
09/11/2016,0,1,0,0,0,0,2,1,1,0,0,3,0,0,0,4,1,1,0,0,1,0,0,0,1,1,0,2,1,1,1,0,22
10/11/2016,0,1,0,1,1,0,1,0,0,2,1,0,0,0,1,5,2,0,0,0,0,1,0,0,4,0,0,0,1,0,0,0,21
11/11/2016,3,2,0,1,0,2,0,1,1,0,0,8,0,0,3,6,0,0,0,0,0,2,0,0,1,1,0,1,6,0,1,0,39
12/11/2016,1,0,0,2,0,1,0,0,0,1,0,2,0,1,0,2,0,0,0,0,1,0,0,0,2,0,0,0,1,1,0,0,15
13/11/2016,0,0,0,0,0,1,1,1,0,0,0,1,0,1,0,2,0,1,0,0,0,1,0,0,0,2,0,0,0,0,0,1,12
14/11/2016,0,0,0,0,0,3,2,0,0,1,2,1,0,1,0,4,1,1,0,0,0,3,0,0,0,0,0,0,2,0,0,0,21
15/11/2016,0,0,0,1,2,1,1,1,0,0,1,2,0,1,2,3,0,0,0,0,1,1,0,0,0,1,0,0,0,1,0,1,20
16/11/2016,0,0,1,0,1,0,3,0,1,0,0,5,0,1,2,4,1,0,0,0,2,0,0,1,1,1,0,2,2,1,0,1,30
17/11/2016,1,1,0,0,0,0,2,0,0,0,1,2,0,0,3,3,1,1,0,0,1,1,0,0,2,1,0,0,1,1,0,2,24
18/11/2016,0,0,1,0,0,0,0,0,0,1,0,10,0,2,4,5,2,1,0,0,1,3,0,2,1,1,0,0,2,1,1,2,40
19/11/2016,1,1,1,0,0,0,0,0,1,2,0,4,0,0,2,5,1,1,0,0,0,0,0,0,2,1,0,0,1,0,1,0,24
20/11/2016,0,0,1,0,0,1,0,2,0,1,0,0,0,1,2,2,0,0,0,1,2,0,0,2,1,1,0,1,1,0,0,0,19
21/11/2016,1,1,1,0,0,1,1,0,1,2,2,3,0,1,0,4,1,0,0,0,1,1,1,0,0,0,0,1,1,0,0,1,25
22/11/2016,0,1,0,0,0,2,1,0,0,1,0,3,0,2,0,6,1,0,0,0,0,3,0,0,2,0,0,0,2,0,0,0,24
23/11/2016,1,0,0,1,0,1,0,2,0,0,0,5,0,1,0,6,1,0,1,0,0,0,0,1,0,1,0,0,0,1,1,1,24
24/11/2016,0,1,0,1,1,1,1,2,0,0,0,1,0,1,1,4,1,0,0,0,0,1,0,1,2,0,0,0,2,0,0,1,22
25/11/2016,2,1,0,0,0,1,0,1,0,1,0,3,0,3,3,4,0,1,0,1,0,2,0,0,2,1,1,2,0,0,1,2,32
26/11/2016,0,0,0,0,0,0,0,0,1,0,0,2,0,0,4,5,0,0,0,2,0,0,0,0,1,0,0,0,1,3,0,0,19
27/11/2016,0,2,0,0,0,0,0,0,0,2,0,3,0,0,2,4,1,0,0,0,0,1,0,0,0,0,0,0,1,1,0,0,17
28/11/2016,0,0,0,0,0,1,0,0,1,2,0,3,0,1,1,4,0,0,1,0,0,2,0,0,0,0,0,0,2,0,0,1,19
29/11/2016,0,0,0,0,0,1,1,1,0,0,1,4,0,0,2,2,0,1,0,0,0,1,0,0,1,0,0,1,0,0,0,2,18
30/11/2016,0,2,0,0,0,0,1,0,0,1,0,5,0,1,3,4,0,0,1,0,2,0,0,0,1,0,0,0,0,1,0,1,23
01/12/2016,2,3,1,1,0,0,0,0,1,1,0,8,0,2,1,4,0,0,0,0,2,1,0,0,0,1,0,0,1,1,2,2,34
02/12/2016,1,1,0,0,0,0,0,0,0,3,0,5,0,1,0,4,1,0,0,0,1,1,0,1,0,1,0,1,1,0,1,1,24
03/12/2016,1,1,1,1,0,0,0,2,1,0,1,4,0,1,1,5,0,0,0,0,0,1,0,0,0,0,0,0,2,0,1,1,24
04/12/2016,0,1,0,0,0,1,0,0,0,0,0,6,0,0,1,1,0,0,0,0,0,1,0,0,1,2,0,0,0,0,0,1,15
05/12/2016,0,2,2,0,0,0,1,0,1,0,0,7,0,0,1,4,1,0,0,0,2,1,0,0,1,0,0,1,1,0,0,2,27
06/12/2016,0,2,1,0,1,0,0,2,0,0,0,1,0,0,0,6,0,0,1,0,0,0,0,1,0,0,0,0,2,0,0,1,18
07/12/2016,1,2,0,1,1,0,0,0,0,0,0,5,0,0,0,6,0,0,0,0,1,2,0,0,0,1,0,0,5,0,2,1,28
08/12/2016,0,1,0,0,0,0,0,2,0,1,0,0,0,2,2,4,2,0,0,0,0,2,0,0,0,0,0,0,1,0,0,2,19
09/12/2016,0,1,0,1,0,1,0,0,1,1,0,5,0,1,5,4,1,0,0,0,1,2,0,1,1,0,0,0,0,1,0,1,28
10/12/2016,1,1,0,0,0,0,0,0,0,0,0,1,0,0,1,5,0,0,0,0,0,1,0,0,1,0,0,0,1,1,0,1,14
11/12/2016,0,0,1,0,0,1,0,0,0,1,0,0,0,1,1,4,0,0,0,0,0,0,0,1,0,0,0,0,1,0,1,0,12
12/12/2016,0,2,1,0,0,0,0,0,0,1,2,5,0,0,0,2,0,1,2,0,1,0,0,1,1,1,0,0,2,1,0,0,23
13/12/2016,0,1,1,0,0,4,0,0,0,0,2,4,0,0,3,8,0,0,0,0,2,1,0,0,1,1,1,1,2,0,1,0,33
14/12/2016,0,0,1,0,0,0,1,1,0,0,0,5,0,2,3,7,0,0,0,0,1,6,2,1,1,1,0,1,1,0,0,0,34
15/12/2016,0,0,1,2,0,1,0,0,0,0,0,2,0,1,4,3,3,0,0,1,0,2,0,0,1,1,0,0,1,1,0,0,24
16/12/2016,1,0,1,0,0,0,1,0,0,1,0,3,0,2,1,6,1,0,0,1,1,0,0,1,0,0,0,2,1,0,0,2,25
17/12/2016,0,1,1,0,0,0,0,0,0,0,0,4,0,1,0,3,0,0,0,0,1,1,0,1,0,0,0,0,1,0,0,1,15
18/12/2016,0,0,0,0,1,0,0,0,0,0,0,0,0,0,2,1,0,0,1,0,0,0,0,1,2,0,0,2,3,1,1,2,17
19/12/2016,1,0,1,1,1,2,0,1,0,0,0,2,0,1,3,4,1,0,1,0,1,3,0,1,0,0,0,3,2,1,0,0,30
20/12/2016,0,0,1,0,1,0,0,1,0,0,0,3,0,1,2,6,1,0,1,0,2,2,0,0,0,0,0,1,2,1,1,2,28
21/12/2016,0,1,1,0,1,2,1,1,0,0,0,5,0,1,1,3,3,0,0,0,0,1,0,0,2,0,0,1,2,0,0,2,28
22/12/2016,0,2,0,1,0,1,1,0,2,1,0,3,0,0,3,5,3,1,0,1,0,2,0,1,0,1,0,0,2,0,1,3,34
23/12/2016,0,0,0,0,0,2,0,0,1,0,0,3,0,0,1,5,0,0,0,0,0,1,0,0,2,0,0,0,1,0,1,3,20
24/12/2016,0,1,0,1,1,1,0,1,0,0,0,1,0,2,0,3,2,1,1,1,0,0,0,0,0,2,0,2,1,1,1,4,27
25/12/2016,0,0,1,0,0,1,0,0,1,1,0,1,0,0,0,0,1,0,0,0,0,0,0,0,0,0,0,1,0,0,0,1,8
26/12/2016,0,1,0,0,0,0,0,0,0,1,0,1,0,1,0,2,2,1,1,0,1,0,0,0,0,0,0,0,0,0,0,0,11
27/12/2016,1,0,0,0,0,1,0,1,0,0,0,2,0,1,1,2,0,0,0,1,0,0,0,0,0,0,0,1,1,0,0,0,12
28/12/2016,0,0,0,0,0,1,0,0,0,0,0,0,0,0,2,0,1,0,0,0,0,1,0,0,0,0,0,1,0,1,0,0,7
29/12/2016,0,1,0,0,0,0,0,1,0,0,0,3,0,2,0,2,2,0,1,0,0,1,0,0,0,0,0,0,0,0,1,0,14
30/12/2016,0,1,0,0,0,0,0,0,0,0,0,2,1,1,0,0,0,0,0,0,0,1,0,2,0,0,0,0,1,1,0,0,10
31/12/2016,1,1,0,1,0,0,0,0,0,0,0,3,0,0,0,3,1,0,0,0,0,0,0,0,0,0,1,0,0,1,0,0,12
